affaire carlton souffrant dsk pourrait pas ésenter mardi à lille devant les enquêteurs morandini	autre
parquet lille indique que dsk pas écommandé convocation demain sera è probablement placé gav carlton	autre
dsk est pas tiré affaire une premiè audience aura lieu mars à new york dans procédure civile int 	autre
dsk avait pas cette affaire à aurais voté pour lui instantané campagne vidé avelo	autre
sarkozy voulait dsk pas hollande rigolo ladé êche 	autre
pas beaucoup çons style à recevoir quelqu qui militait pour que dsk devienne ésident épublique dpda	autre
ç économie dsk à cambridge attention pas parti pris politique people juste eco via lesechos	autre
depardieu vais jouer dsk car aime pas ‎ acteur érard depardieu accepté incarner person 	autre
dsk est pas bienvenu parlement europé invitation adressé à dominique strauss kahn par eurodéput 	autre
pour une fois que dsk ses frasques passionnantes font pas une des éditions éciales tutti quanti rassure peu 	mixte
affaire dsk scandale aux usa procureur vance aurait pas û abandonner» 	negatif
dsk relance hypothè complot ennuie peu moment 	negatif
dsk insinue que son adversaire politique est derriè affaire sofitel faire coup à à hollande est pas chic à semaine 	negatif
carlton new york dsk fut honneur droite épublicaine pas commenter clermont	autre
dsk ément julien dray invite des personnalité socialistes font demi tour sens amitié mais pas sens politique 	negatif
est que suis contente que égolè royal ait dit nom dignité des femmes veux pas rencontrer dsk bercy	positif
françois valérie dans bureau conseil é éral corrè image è sage pas û avec dsk aurait ê chose 	negatif
benoî hamon hollande changera pas positon voilà une vraie différence avec dsk 	mixte
ils assument pas mais pas que naffissatou qui échait dsk beaucoup journalistes voyaient comme sauveur oubliez jamais	negatif
sais pas qui est plus ô avec cet habillage titre bien sujet dsk quebec	mixte
quand dsk reproche aux grecs pas payer ’impô ç passe mais est lagarde ç passe pas 	negatif
éponse à sud ouest affaire dsk diallo john solomon donne pas nom client via journalsudouest	autre
vidé tristane banon « peux pas forcer dsk à comprendre son acte» 	autre
affaire dsk pourquoi faut pas croire à une éorie complot – critiques littéraires actualité livres myboox 	autre
selon closer sinclair aurait quitté dsk selon moi est pas lisant closer fait son étier journaliste 	negatif
psa malheureusement montebourg pas baguette magique une phrase que aurait pas entendue avec dsk ésident jdcjdr	mixte
hollande ésident affaire dsk anggun derniè eurovision vous trouvez pas que ç suffit pasdereyelauxjo	negatif
dsk mesplusgrosmensonges mais non inquiè pas jouirai pas dans bouche jai penser toi gissait ahahah	negatif
rep gala paris match non dsk est pas seul nous som è nbrx à soutenir parismatch 	positif
veux pas plouc comme ésident doublure dsk fait peine à voir ô france 	negatif
pense pas que dsk violé nafissatou parce que quand viole une fille fais sorte elle soit belle 	mixte
france avait pas vibré comme ç autour une perche depuis affaire dsk bravo renaud lavillenie 	positif
les rumeurs sont vraies anne sinclair pas é é éparé dsk ê penser à acheter une maison à cadaques pourtant 	mixte
est vieux schouk gynophobe monachollet luc vaillant âche pas affaire dsk via lisebouvet	negatif
justice éricaine pas pressé fixer une date pour procè civil dsk repoussé sine die 	autre
gars par dit est quoi ton fantasme hum surement pas toi azy égage dsk 	negatif
vacances corse dsk fait chasser une proprié é rtl frqu touche surtout pas à nos femmes une balle est vite partie	negatif
À « une » corse matin ê pas fait divers mais avec dsk acrimed action critique édias 	autre
“ nouvelle conquê dsk myriam ’aouffir manager à france é évisions serait pas élibataire 	autre
étais pas dsk mais étais pas loin michel sardou dans paris match repris par direct matin 	autre
les compétences dsk doivent pas nous faire oublier notre morale par houthdid sur expressyourself	autre
dsk est peut être queutard cela remet pas cause ses compétences tant économiste 	mixte
sarkozy laissons justice faire son travail ésomption innocence est pas uniquement pour dsk 	mixte
sarkozy reviendra pas éé syndrome dsk perdre contre soi ê à cause ses faiblesses trop affaires submerger	negatif
françois pupponi ément retour dsk à sarcelles pauvre est pas courant via parisdps	negatif
affaire dsk accord pas encore égocié 	autre
que vous savez pas sur é ô cahuzac ’avocate femme est soeur jean françois copé 	autre
vous voulez connaitre les édias demain cherchez les journalistes qui sont pas sur photo dsk feuillleton	negatif
toutes les filles qui ont couché avec dsk écrivent bouquin pas fini salondulivre	negatif
dsk est à terre pas bcp estime pour lui mais attaquer à homme à terre pour vendre é è torchon faut arrêter non 	negatif
livre marcela iacub sur dsk pas interdit mais encart devra être insé é 	autre
isabelle adjani retire projet film abel ferrara pour pas participer entreprise destruction homme iacub dsk	autre
hollande savait pas pour dsk violeur savait pas pour cahuzac savait pas pour augier serait pas peu con mec 	negatif
finalement ’était pas grave que ç ’affaire dsk allez atchao bonsoir 	positif
film sur affaire dsk malgré les éclarations isabelle adjani nafissatou diallo jouera pas son ô 	autre
cambadélis « fallu passer serpilliè aprè sarkozy» venant meilleur ami dsk cahusac est pas brillant gaucheindigne	negatif
menace ’est pas tout hollande menace ’appelle dsk elle tient trois lettres lesambitieux	negatif
avocat dsk lgj doute pas que les juges fine fassent droit non morale carlton	autre
carlton «cela fait pas dsk proxé è » 	autre
quand dsk explique vie aux énateurs nous sommes dans monde échants pas dans monde gentils 	autre
écile duflot crois pas que dsk soit mesure donner des çons 	autre
video dsk mercredi sur cnn toujours pas digé é «perp walk» 	autre
pierremoscovici vas pierrot avoue que couvert é é plus personne croit ê pas dsk 	negatif
valls les larmes aux yeux devant dsk menotté mais pas ê émotion pour jeunesse quotidiennement humilié des cité plenel	autre
hitler était gentil avec les femmes picasso pas tout commentaire vice premier serbe sur nouveau job dsk à belgrade	autre
cocasse entendre sarkozy est pas innocent ceux à ê qui clament dsk est blanchi 	negatif
é ô cahuzac ferme pas porte aux municipales rencontre dsk 	autre
dsk avait pas jouer les boulets serait pas à pfffff les mecs sont lourds parfois analyse politique soiréefilles	negatif
quelles erreurs quelles fautes vous vous reconnaissez non aucun berlusconi repassera pour humilité 	negatif
gdf suez veut faire aucun commentaire sur ses éventuelles collaborations conseil lobbying avec rachida dati	autre
replay aucune amitié aucune compassion aucun acharnement elkabbach cadre son interview avec berlusconi lgj 	mixte
prof lezione impression que berlusconi aucun programme politique essaye seulement échapper à justice 	autre
égolè royal é è retour emploi à celui sarkozy aucun lien 	mixte
viol dsk nafissatou diallo jacklang pas mort homme indignez vous devant une telle complaisance 	negatif
dsk avait pas ses scandales sexuels serait lui ésident perso aurais é é é voir place flamby	mixte
franceinter jeanmarcayrault aucun gouvernement pognon cache comme votre ancien collègue cahuzac 	negatif
égis jauffret suis pas arrivé à nommer dsk dans livre nom avait é é trop prononcé rikersisland	autre
est pas premiè fois que les éministes professionnelles donc étribué mettent sourdine souvenez vous affaire dsk 	negatif
dsk anne arrive pas ranger mes affaires tout pour montrer tes sacs mais bat les couilles 	negatif
adriendlpbr elle viré personne dati elle foutait placard ç expéditive shutupump xenophovia	negatif
les archives éant introuvables ces sales types doivent jamais revenir pouvoir partager info ump	negatif
une personne qui ’ pas fait preuve gravité quand elle était aux affaires à propos dati via tcabarrus	autre
couple californien trouve ésor estimé à plusieurs millions leila ben ali leila ben ali via europe	autre
ils avaient placé cahuzac érini dsk sur écoute ils seraient oui pardon met pas des socialos sur écoute 	negatif
candidat allemand schulz contre candidat soutenu par merkel juncker annonce plus allemande que jamais 	mixte
lesportif proximité media pouvoir jamais bon ésultats dans monde soit media contrô pouvoir vice versa berlusconi	negatif
rachida dati plaie humanité entiè 	negatif
les yeux dans les yeux jamais commis cette faute francebleuazur carton rouge pour cahuzac aprè une nouvelle faute ogcnscb	negatif
cgtsiteinternet écologie est pas ç aucun respect honte douai europeécologie 	negatif
appelez plus jamais cavaliere berlusconi auto épouille son titre honorifique avant être épouillé 	autre
éant avait plus archives mais buisson avait tout conservé cas ù moralité est jamais mieux trahi que par les maurras siens	negatif
sarkozy dit pas que hollande est pingouin dit est mickey avec grandes oreilles stasi hollandedemission	negatif
élenchon que hollande sarkozy ont pas à savoir une vision progressiste aprè theguardian 	autre
stasi pour sarkozy dans cas oublions pas rappeler gestapo embarquant les étrangers avec hortefeux air line loi éant 	negatif
fillon publie lettre aux colè lendemain tribune sarkozy ancien est jamais cité 	autre
éplique vive hollande comparaison à berlusconi fracassante tribune sarkozy politique mytfnews 	autre
« aucun chef etat bat vraiment pour climat europe » climat environnement écologie politique	autre
éplique vive hollande comparaison à berlusconi bfmtv comréplique vive hollande compa 	autre
éplique vive hollande comparaison à berlusconi fracassante tribune sarkozy 	autre
emmarguerite les masques tombent vienne pas dire que copé savait pas berlusconi forzaitalia	negatif
olivierlegall berlusconi sans soutenir était intelligent malin hollande avait plus charme flematre legossip	mixte
jjbourdin rmc suis italien hier entendu problematique avec les sondages ê avec berlusconi qui vote dit pas	mixte
henri guaino ément avoir prononcé phrase suivante moi vivant juppé sera jamais candidat 	autre
quatre russes sur cinq soutiennent vladimir poutine 	autre
rtl sotchi rattachement crimé les russes é èrent poutine comme jamais quatre vingt pour 	autre
stratégie basé sur celle berlusconi cst pas ê 	positif
henri guaino sur sudradio front épublicain aucun sens attise colè ceux qui ont voulu dire qqchose bordetsudradio	autre
droite elle gagné tour des municipales pour copé sans aucun doute pour fillon dans fig nivainqueur vaincu 	autre
loisgerin savais pas que berlusconi avait dit perso est mon ressenti mur des cons fait mal image justice 	negatif
peut rajouter liste cahuzac valls taubira sapin qui vient dire ils ont jamais parlé pause fiscale dpda	negatif
les bodyguards obama ils ont aucun respect est comme une nounou chauffeur ivre 	negatif
ukraine europe barack obama invite leseuropéens jamais tenir pour acquis les progrè accomplis 	autre
pour progrè pour solidarité pour écologie pour écurité pour les transports pour paris que jamais vote anne hidalgo	positif
pour fillon front épublicain arrê aux municipales lejdd non pas front épublicain avec des gens qui nous insultent sans arrê 	negatif
veux pas faire peur car aucun chiffre mais semblerait que match à paris soit bcp serré que prevu nkm hidalgo	mixte
hidalgo nkm avait aucun suspens était sur hidalgo allait passer 	mixte
hollande annoncé demain soir pour annoncer nom son nouveau gouvernement attendu mercredi pas mardi car avril 	autre
grandludo tourné umpopcorn guaino qui égale prenant à juppé moi vivant sera jamais candidat	negatif
plus émago que jamais guaino insurge contre ultra libéralisme gauche fumette zenpp municipales	negatif
saurel exclu prend mairie montpellier selfisoloir selfieisoloir 	autre
discours anne hidalgo drapeau europé drapeau lobby gay drapeau aucun drapeau français é élateur une fracture	negatif
aucun entre nous avons fait œuvre cope sur itele oreillesquisaignent poke bescherelle	negatif
reconquê jamais porté aussi bien son nom est aussi une victoire personnelle pour cope 	positif
fou rire ouais bravo hidalgo mais sache que blessure éville est ouverte à jamais	mixte
élicitations appuyé à mme rachida dati gagnante dans viie paris est pas tout rose bonbon fort heureusement dieu merci 	positif
“ europe exclu jean marc ayrault voulait annoncer émission mais ematin aucun courage	negatif
quand voit score rachida dati dans élicite elle ait pas investiture à paris 	mixte
que certains ministres autres permettent avec hollande aucun ump aurait permis avec sarkozy 	mixte
municipales à paris anne hidalgo gagné mais à quel prix 	autre
sanctions éricaines contre russie une jeune russe jure jamais coucher avec obama que les gens sont cons	negatif
écile duflot quittera pas gouvernement elle passera jamais porte avec son gros cul 	negatif
direct remaniement hollande parlera à pour annoncer valls à matignon 	autre
mamsherrera ayrault fragile peu aussi aucun caractè 	negatif
selon des journalistes bien informé benguigui serait pas ministre budget comme cahuzac 	mixte
bye bye taubira loi abrogera onlr jamais lamanifpourtous forcevie	negatif
jean marc ayrault avait aucun charisme valls faire programme sarkozy natacha polony	autre
face à ésaveu sans é édent ésident épublique choisi rien change sarko sarkozy ump	autre
vous savez bien que hollande peut pas exprimer sans cracher sur sarkozy est carie dentaire son abcè son cauchemar 	negatif
remaniement sarkozy veut «homme expérience» à matignon 	autre
seulement écile duflot avait jamais é é gouvernement pour faire voter ces lois stupides elle aura û é cher celle à 	negatif
les écolos font pas politique jamais les politiques feront écologie remaniement eelv	negatif
karimzeribi ’électorat quartiers populaires voté hollande quel signe é é envoyé à ces quartiers aucun onvpsm	negatif
jamais élue hidalgo ridiculisé face à ump goujon est maire paris 	negatif
jamais élue hidalgo face à ump goujon est maire paris est peut dire une éation vitro 	negatif
fatima mhindi partagé photo rachida dati remporte une nouvelle fois è arrondissement paris toute 	autre
ils auraient sans doute pas é é nommé ministres mais quand ê bravo canfin duflot remaniement	positif
vous voulez voir dieudonné sur è est maintenant jamais 	autre
valls est nommé pour faire une politique sans écologie vous comprendrez bien que les écologistes seront pas 	negatif
lequipe sotchi vai faux record avec moyenne aurais mis est pas donné tous monde	mixte
descente sur metatv nazi valls ê serait jamais permis tel é liberté émocratie par fusil 	negatif
jacob pas tort hausse impô servi rien mais fillon bel bien amorce mouvement motscroises	mixte
poutine informe angela merkel mais pas hollande toujours transparent retrait partiel ses troupes à frontiè orientale 	negatif
pense que marinelepen connais autans que moi politique bande guignol sans differance yaurai pas monde 	negatif
poutine menace lancer missile nucléaire sur lune occident reconnait pas adhésion crimé russie moonexplosion	autre
fillon qui adresse à hollande lui demande faire politique france pas celle gauche 	autre
pense laissera travailler manuel walls lieu debiter des inepties comme copé qui sera jamais bonne chance bon courage	mixte
égolè royal à ê ministè intelligence euh pas une antinomie 	negatif
pas à dire obama quand ê putain classe 	positif
henri guaino sur franceinfo à propos manuel valls premierministre mal à pas comparer avec sarkozy remaniement	autre
bernardsala cherche oas amadouer bon matin gueant etait anti muz mais que dire valls est pire que ses predecesseurs 	negatif
vous avez aimez claude gueant vous allez adorer manuel valls monde diplo 	autre
rtl les élus feront surement pas moins bien que les autres ê sans doute mieux 	positif
mot érité fillon dans beau monde choix premier ministre est pas important ôvre sait quoi cause 	negatif
françois hollande était garagiste votre portiè grince aucun problè vais vous changer les roues 	negatif
cahuzac est ê pas courant annonce taxe à quitte plateau aprè que calvi lui ait annonce ébut emission	negatif
pour hollande est moment ù jamais nous avouer que tout éalisé durant son mandat est super poisson avril 	negatif
françois hollande peut pas contenter simple remaniement via ump 	mixte
des fois obama est pas cool tout 	negatif
égolè royal gouvernement est vieille donne pas jeu mot italien bien sur 	negatif
poutine rigole pas baissera pas son froc face sioniste 	positif
analogie avec mitterrand rocard aucun sens mitterrand venait être éelu à aujourd hui valls populaire hollande	negatif
fanatique condamné pour avoir voulu tuer obama 	autre
pourquoi nkm devait échouer via mediapart 	autre
nsa merkel à timochenko une question allemande snowden	autre
sarkozy supervisait directement espionnage des journalistes dcri avait cambriolé à époque édias 	negatif
sarkozy supervise surveillance journalistes 	mixte
poutine dit à merkel retirait ses troupes frontiè ukrainienne ésenté ç comme une concession 	autre
henri emmanuelli annoncé abstiendra votera pas confiance à valls idem pour les verts les radicaux gauche 	autre
que devient vipè nkm aprè raclé à paris 	negatif
les artisans âtiment parlent transition énergétique ouest france scoopit 	autre
pouvait avoir des gens compétents pour prochain gvt zimmeray quai orsay lallonde à écologie fabius à bercy remaniement	mixte
boom énergie solaire à new york sud ouest scoopit 	autre
bien ’ump » boulevard voltaire via bvoltaire	autre
vallspremierministre divise gauche lieu rassembler 	negatif
quand que ump feront ê politique à quelques broutilles ê vote augmenter jdcjdr	mixte
marine pen manuel valls est umps personnifié afp viua guillaumedaudin 	autre
éforme énale projet taubira menacé via figaro	autre
ésultats aux municipales comment marine pen gagné bataille des é via leplus obs	autre
leclown votez pas confiance échirez vos cartes adhérent faites vous entendre bordel haussez ton ils sont sourd 	negatif
valls à matignon hollande essaye que chirac pas tenté avec sarkozy vallspremierministre	mixte
quand françois hollande parlait émissionner ésidence politique via lepoint	autre
remaniement arrageois pascal canfin europe écologie les verts participera pas nouveau gouvernement valls 	autre
comme importe parti laic devrait renvoyer ces arrié é faire leurs cochonneries iran cont 	negatif
jointe par é éphone anne hidalgo dit surprise souhaite pas faire plus amples commentaires hollande	autre
valls ramadan fait partie notre calendrier commun est moment profondément épublicain 	autre
faureolivier revient sur derniè journé ayrault premier ministre 	autre
«couac couac couac » marque gouvernement ayrault via figaro	autre
pour ceux qui étaient pas surs que taubira jours était finie demain ils auront confirmation remaniement valls	negatif
les écologistes écile duflot pascal canfin veulent pas être dans prochain gouvernement alaune actu	autre
madame taubira aime pas érité valeurs actuelles 	negatif
actu nord pas calais remaniement arrageois pascal canfin europe écologie les verts 	autre
ayrault valse pour libé valls è danse pour étro celles que pas une pensé pour koliadelesalle 	autre
é égation eelv est sortie place beauvau aprè avec valls aucun commentaire pour instant remaniement	autre
rip leurs convictions franceinfopol é égation eelv est sortie place beauvau aucun commentaire pour instant 	negatif
malheur arrive jamais seul valls ministre égolè retour	negatif
hausse des immatriculations france mars premier effet valls est fort con est pas ayrault qui aurait fait ç 	negatif
valls parti mensonge ’étranger plus que jamais pouvoir france les liberté danger 	negatif
finesse analyse politique incarné “ jmaphatie faut baisser les impô selon royalsegolene ben fallait pas les augmenter”	negatif
bouletjeremie nous vivons pas ê mais cauchemar faire cracher visage sorte inadmissible cet ump est élon	negatif
hollande offre duflot place numé gouv elle refuse ils viennent pas gueuler gouv fait rien pour écologie	negatif
dupinceau eelv lasse jamais avaler des couleuvres pour rester ministre mais ils semblent valls incompatibles bilgerphilippe	negatif
parisien é ération pas calais rebelle contre solférino 	autre
ukraine selon andersfoghr poutine à menti à merkel sur retrait troupes russes malheureusement est pas que nous constatons 	autre
éé jcgaudin gagne sur tous les tableaux face à laminé âchant pas triomphe lire 	autre
taubira elle est monté haut elle est pas encore retombé mais entends é à bruit arriver ç faire è mal plaf 	negatif
combat pour écologie est affaire tous doit pas être partisan eelv emidi	mixte
majorité des français contre maintien eelv gouvernement 	autre
premièrement ferme gueule physiquement à tout jamais mdrr longue vie à énie dieudonne	positif
remaniementbidon sondage parisien égolè royal convainc pas les français 	negatif
nomination matin royalsegolene est preuve que les socialistes é èguent pas écologie est une bonne nouvelle 	positif
égolè royal ministre aurait pas intention quitter égion poitoucharentes remaniement 	autre
ministres reconduits nouveau retour â est pas remaniement mais plutô recyclage lecombatcestmaintenant	negatif
espérons que hamon soit pas pire que peillon dit appartenir à aile gauche ç fait froid dans dos remaniement	negatif
zlatan jamais gagner ligue des champions ptdddddddddrrrr evra é à gagner sah pas vie 	negatif
nouvelle edition lilian thuram lutte contre racisme 	autre
vous êtes à barrie samedi venez rencontrer bow dixons à ’é énement ’accueil cibc à 	autre
cesserai pas dire apprécie franc parler anelka truc à dire dit rien à foutre des conséquences 	positif
ldc son assistait à une finale psg atletico madrid équipes qui ont jamais remporté ldc est à relevé ils seront qualifié 	autre
fchretienne les époux rendent visible ’amour christ pour ’Église 	autre
ane lka confirme est accuse manuel valls ’avoir é é influencé par femme 	mixte
paris reims les stats avant match 	autre
note pour les personnes faisant des tags centre entraînement allez à école apprendre orthographe	negatif
les marseillais pensent é à plus à saison teamom ligue 	autre
jai jamais dit que mon geste était anti systè juste geste est anelka 	autre
shumacher fait des signes eveil peut être sauvé 	autre
équipe france tennis à minutes chez moi suis pas 	autre
pourquoi entê à reparler équipe france à croire pense tjrs anelka èvre parisien	negatif
« ’ insulté dans vestiaire coach que tout peuple français insultait é à » anelka domenech amourvache	autre
anelka «domenech fait à ê » via minfobymsn pauvre joueur foot surtout dit plus rien 	negatif
affaire quenelle anelka juste voulu faire une édicace à son è dieudonné 	autre
ciment lafarge discute une fusion avec holcim qui éerait ° mondial 	autre
les ont tenté vendre sinaï aux juifs moubarak dans enregistrement audio 	autre
les acquis obtenus sous gouvernance bourguiba ont rien à voir avec épotisme corruption sous ben ali encore moins 	autre
’egypte retournera elle à ’è hosni moubarak sahar fren 	autre
moyen â était quand é à longtemps ben non est aujourd hui fait 	autre
sfr lafarge national capitalisme vient prendre deux belles mandales est ébut	negatif
paris veut lever pied sur baisse des éficits bce ’agace via latribune	autre
bce politique ’inaction » boulevard voltaire via bvoltaire	autre
cette fois bachar est foutu 	negatif
les prisons tunisie restent ê lieu que sous ben ali 	negatif
commémoration ’anniversaire é è bourguiba est devoir sacré éclare marzouki 	autre
seront élus éélus bouteflika sissi bachar assad hallucinant	negatif
campagne lutte contre illettrisme des hommes des femmes politiques finances €uropeene via mediapartleclub	autre
regarder loup wall street avec è est pas une bonne é 	negatif
marre technologie socié é consommation image égradante donne femme non rigole fou 	mixte
bfm business ciment fusion entre lafarge holcim annoncé lundi 	autre
sfr numericable font plus est officiel	autre
lafarge embrasse suisse 	autre
numericable lancer une augmentation capital pour rachat sfr 	autre
veux partir avec bourse plan marshall faut é êcher nombre limité bourses cette 	autre
ambiguï é entretenue lors élection ésidentielle sur son éritable programme est toujours pas levé fillon remaniement	autre
les cyclones nous menacent rentré des classes est avance impasse politique persiste pas élection à horizon à mois 	mixte
fisc clarifie les choses « filet écurité » 	autre
face boulevard que nous offre ump doit être rendez vous Ç commence par élection son ésident pour moi est blm 	positif
est quand ê fou plus personne veut donc aller gvt ê eux disent non pourtant via francetvinfo	negatif
direct jclagarde udi estime plus majorité à assemblé nationale 	autre
pas voté pour hollande premier tour ’élection ésidentielle 	autre
gouvernement amorce modernisation fisc 	autre
prquoi une prise parole à elysé tout à heure deux qui les embê peu souffle membre gvt émissionnaire	autre
lemondefr « ice bucket challenge » à ’elysé 	autre
laurence boone conseiller économique financier elysé 	autre
les chefs prestation à Élysé discothèque à émission marcellin atissony 	autre
robertmamerenes fait effort nommant à économie nouveau ministre plus libéral mais erreur taubira belkacem	negatif
est pas elle appelle najat belkacem qui ê est son incompétence son sectarisme les éories infâmes elle soutient 	negatif
christine lagarde égligence quoi justice recommence ses conneries est pas possible ç est encore valls qui est dessous 	negatif
enseigner aux gens comment protéger eux êmes est meilleure ç vaincre maladie ebola via libe	autre
ebola pourquoi virus tueur dont nous devrions vraiment avoir peur sortira pas des forê 	autre
najat vallaud belkacem promet projet plus ambitieux que les abcd égalité 	autre
christine lagarde émissionnera pas elle conteste mise examen donne droit droit avoir une immunité intouchable	negatif
ils cherchent faire mal palestine jusqu à fin	negatif
france aujourd hui ebola air france suspendre provisoirement ses vols sur freetown è demain 	autre
africa ynews miss nationale virus ebola prive les étendantes leur voyage é égal les miss 	autre
affaire tapie mise examen christine lagarde qui exclut émissionner fmi via desouche	autre
video gaza cessez feu ê é sous feu artifice via francetvinfo	autre
polémique sur genre rattrape vallaud belkacem 	autre
inacceptable sauf pour occident israë ait les moy terrasser gaza juste pour épargner soldat palestiniens agressé rien 	negatif
yousjerusalem mosqué aqsâ jerusalem ville occupé confusion entre les mosqué palestine	autre
voici êche ’ imam koweitien êche ù distille haine ’israë ù demande que chaque 	autre
vidé « pas cessez feu nous devons éantir israë » imam koweïtien 	autre
sheikh arabe israË appartient aux juifs via alyaexpress news	autre
jamais the voice est annulé sachez que renie dead serais ridiculisé pour rien 	negatif
plus followers que gagnant the voice entenduÀlarédac	autre
vous imaginez liam avait pas retenté chance à xfactor happystbirthdayliam happybirthdayliamfromfranceweloveyou	positif
ériode xfactor impression dix ans ils ont tellement changé	mixte
quand zayn dansait pour factor omfg 	autre
louis bertignac est tellement top avait manqué dans the voice	positif
infos people louis bertignac the voice kids éliminer enfant ç lui fait chaud froid interr 	autre
aura nouvel saison xfactor avec simon louis cheryl dimanche lundi regarderai replay trop bien 	positif
vous aimez jenifer alors aimez vite cette page thevoice thevoicekids garou bertignac nikos	positif
rendez vous samedi é avec charliemusic dans les jardins joyclubnimes showcase concert thevoice îmes tapas vin ambiance	autre
vous auriez lien pour regardez factor 	autre
les coachs jeniferofficiel garou officiel louis bertignac reprennent new york avec toi thevoicekids	autre
mec gagne the voice est cense faire tous les zenith france mais non passe porcieu	negatif
plus tard passerai à the voice chanterai hymne pour javier pastore	autre
regarder the voice rappelle à quel point pas talent aucun talents mddr 	negatif
the voice alban bartoli ans aller plus haut ôles petits via youtube	autre
regarde des video the voice suis mise à pleurer car mec à les buzz mais arrive pas à dormir mdrr	mixte
portel les chanteurs «the voice » sur è devant public timide actualité nord pas calais 	autre
the voice ç tellement rien à voir avec the voice 	mixte
écouvrir également sur page superbe clip é une association jeunes artistes qui ont participé à the voice kids	positif
inscrire à the voice mdr fais pas ç moi	negatif
plus à justinfolignej the voice plutô une des voix sur lignej sncf qui oriente informe les voyageurs 	autre
est que quelqu é à entendu parler gagnant the voice genre kendji entend tout tps mais lui jamais mdr	mixte
boulot arrê pas chanter quand ê client habitué qui dit vais aller inscrire à the voice euh non non	negatif
vous regardez toute the voice certaine sont plus branche nouvelle star 	autre
coach sur the voice sais pas qui est mais est super mignon	positif
espè que selena pas devenir mentor dans the voice est truc flop faire une émission comme ç 	negatif
the voice lilian renaud pas album avant fin anné 	autre
écouté new chanson louane bah ptn pauvre aurait mieux valut pour elle elle soit jamais choisie dans the voice mdr	negatif
premier single lilian renaud pas avant fin ’anné the voice antenne éunion antennereunion	autre
selena coach the voice peu comme jennyfer coach the voice vous voyez pas	mixte
fin fast and furious comment elle est trop touchante	positif
les fast and furious suis trop heureuse xfc 	positif
ptn derniè è fast and furious fait trop allusion à son épart avec chanson	autre
fast and furious est grv bien	positif
À chaque que regarde fast and furious xfd 	negatif
putain à chaque fois fin fast and furious elle prend aux trippes rippaulwalker miss you ♥	positif
plutô pas mal titre lilian renaud thevoice nikosaliagas matthieugrelier 	positif
furious seven fast and furious était cool ans now est naze mais hommage à qui est pas trop mal pindecritweets	mixte
derniè è fast and furious pleure à chaque fois	mixte
viens revoir fast and furious avec moment pour lui repensant dis que paul walker est vraiment triste mort 	negatif
rarement autant accrocher film autant à fast and furious	positif
the voice sans florent pagny heureuse nouvelle pour les fans florent pagny chanteur français 	autre
érie fast and furious est plus grande supercherie histoire ciné mdr	negatif
puis hier regardé fast and furious versé larme à fin comme hab mdr	mixte
viens regarder fast and furious fastandfurious	autre
emissions pour capricorne tout monde parlé tlmeap diner presque parfait dpp the voice thevoice	autre
florent pagny normalement à rentré devrais émarrer saison the voice 	autre
quelle est ton émission é é é é é — touche pas mon poste the voice rdv terre inconnue 	autre
the voice lilian renaud évoile extrait son premier single lilian renaud thevoice	autre
gars qui éalisé saison true detective est ê qui fait tous les fast and furious depuis 	autre
les fast and furious les é è français	mixte
égende kendji hmhm caravane the voice égende mon cul	negatif
actualité nissan fast and furious iii à vendre vous êtes fan fast and furious que vous 	autre
que les musiques fast and furious qui font bouger xff 	positif
est pas possible lasser une musique fast and furious érieux	positif
rihanna coach dans the voice the voice jurez est pas signe fin monde 	negatif
est qui qui gagné the voice cette anné sais plus	autre
review the voice top mix éries 	autre
pollution colorado aura jamais aussi bien porté son nom via bfmtv veut nous faire manger leurs merde 	negatif
élevage industriel est plus grande source gaspillage eau terres cultivables principale cause pollution air 	negatif
pollution à palavas baignade est interdite suite à eau é non traité rejeté par station épuration 	autre
rihanna sera coach dans è saison the voice aux États unis sinon nous zazie 	negatif
“ fredericarnould pollution tue personnes par jour chine france rien à londres diesel	negatif
monde plus chinois meurent tous les jours pollution ’air une étude reposant sur les 	autre
pollution tuerait personnes par jour chine via ledevoir	autre
rihanna sera mentor à the voice é é	autre
les films harry potter les fast and furious est juste les films vie	positif
minute people rihanna rejoint the voice sharon pose toute nue george harcelé mode beaute	autre
inter ils ont ê pas fast and furious bluray	negatif
pollution tout mal elle fait insoutenable jetez plus rien à mer pitié 	negatif
ans « jour épassement » des éserves naturelles avancé mois plus chinois meurent touslesjours pollution	autre
“ lemondefr plus chinois meurent tous les jours pollution ’air comme partout ailleurs dans monde ê par ê 	mixte
pollution air tue environ personne sur mille par dans monde oms soit par jour 	autre
fast and furious ç tue quand ê 	positif
benoit quand met des coup accé ération kiff trop crois dqns fast and furious 	positif
decomptemp les voitures fast and furious	autre
saga fast and furious que parce que cousine forcé avait jason statham	negatif
racisme mot employé autrefois pour étruire ceux qui pensent pas comme certains aujourd hui totalement galvaudé pour importe quoi	negatif
blasphemons racisme est que vous faites encourager occuper autre peuple plus sur une base extremisme religieux 	negatif
ici vous croyez racisme existe plus mais vous êtes vraiment à ô é plaque	negatif
âcheté des politiques des édias une part lois paralysantes qui condamnent toute critique racisme tout est éuni pour subir non 	negatif
lemondefr plus chinois meurent tous les jours pollution ’air 	negatif
mais jsuis pas û que paris pollution inspire vraiment pour nature harmonie 	negatif
qui concerne homophobie foi mdr est ê pas comparable avec racisme	mixte
coup dalle est pas mieux que saccage mairie épliquent les pompiers 	autre
racisme consulat marocain colombes hauts seine 	negatif
arbitrage ligue fait preuve racisme aupres des serbes tfc que est moche smctfc	negatif
datirachida nicolassarkozy pas trop troué votre veste force être retourné pire politique	negatif
é é victime racisme par rapport à religion religion supposé que fois une fois par copain venant mayotte à	autre
racisme lucidité fermeté imposent 	autre
que retenir deuxiè semaine campagne pour garder sourire comédie politique est ô sans être hilarante	negatif
racisme antisémitisme sens usuel ê phrase est escroq intellect les sionistes souvent émites sont les racistes monde 	negatif
violence des hommes est elle sans limite via ledevoir	autre
machine politique éellement pas intention arrêter leur grotesque mensonge	negatif
zahma veulent virer les maghrébins afrique noire ils disent combattre racisme xfa 	negatif
trouvé une nouvelle utilisation des rsa discuter politique intérieure des pays que visite 	autre
bravo eciotti brunoretailleau pour leur appel faveur une coalition élargie contre daech figaro	positif
hurle racisme pour tout pour rien mais est homophobe 	negatif
robert énard maire qui fait ôtre messe journal marseillaise 	autre
sam ’africain aller à mankono pour dire que ouattara est pas éligible parler transition afrikipresse 	autre
mali vie des énocidaires rwandais à prison koulikoro 	autre
politique source dans perversité plus que dans grandeur ’esprit humain 	negatif
uberx couillard ouvert à é encadrer plateforme transport montré étropole 	autre
police municipale robert énard dresse ses cow boys contre État journal marseillaise 	autre
vous ’avez pas percuté imialah que racheldw pense ê chose toutes les religions comment serait racisme é échissez	mixte
les condoléances vont à erdogan est á pas croire est complice daesh jabbat nusra depuis ébut salaud 	negatif
erdogan est venu meeting à strasbourg mais cela aller jusqu ù honte rien à dire gouvernement 	negatif
erdogan qui attaquait pas daesh passait son tps à prendre aux kurdes voilà qui passe quand joue avec daesh	negatif
serai pas premier ministre pot fleur sauf devant wever jambon francken homans linkebeek erdogan 	negatif
turquie morts à ankara dans attentat plus meurtrier histoire pays boff faute erdogan faux cul 	negatif
attentat ankara erdogan pointe é à pkk dhkp avant toute enquê sachant anti kurde serait pas plutô lui auteur 	negatif
des turcs ils insultent tous les noms erdogan pour attentat à ankara mais disent pas mot pkk qui encore é soldats	negatif
visite ’erdogan à bruxelles malaise coulisse fait buzz video 	autre
visite ’erdogan à bruxelles malaise coulisse fait buzz surtout pas contrarier visiteur marque 	negatif
turquie ésident erdogan accusé lendemain attentat ankara inews voir plus loin inews 	autre
bfmtv erdogan akp ont pas besoin é pour étre pouvoir ils sont depuis ans avec volonté des turques erdogan à était	mixte
À ’inverse nos élites bachar assad saurait être accusé ’avoir bradé son pays à des puiss étrangères 	autre
attentat perpé é samedi dans capitale turque toujours pas é é revendiqué piste djihadiste est 	autre
pour moi turquie ïque mustapha kemal existe plus vois que turquie islamiste erdogan	negatif
erdogan est pire dirigeant monde ainsi plus barbare	negatif
reportage à ankara “les policiers ont attaqué ceux qui tentaient ’aider les blessé ” erdogan turquie	autre
ils vont penser que est michelle obama qui dit à bush putain suis pas è mets moi dans mon cul les cons 	negatif
erdogan à bruxelles presse malmené question à pas poser journaliste menacé via sur	negatif
classe qui connait rien politique dit cst erdogan qui é alors que arrange rien les édias manipule bien	negatif
erdogan dispose pas seulement ’arme État islamiq effrayer ’ ’est aussi doté ’ arsenal millions éfugié syriens	autre
États unis bernie sanders cumule plus donateurs que obama approche clinton 	autre
“ erdogan compare daech pkk est absolument insupportable ils ’ont pas ê histoire les actions” billion turquie min	autre
turquie orhan pamuk critique erdogan aprè attentat contre les kurdes orient jour via lorientlejour	autre
quel gachis solidarite avec peuple turc frere debarasse dictature militaire bien parti pour 	mixte
actu monde attaques ’ankara les familles enterrent les victimes critiquent erdogan 	autre
est pas parce que votre ésident aucun charisme faut accuser grand ésident grand homme erdogan xff xff 	mixte
seule faute à erdogan pas fermer gueule baisser ê comme les autres alors accuse tout importe quoi bien xfd 	positif
turquie erdogan accusé être responsable attentat ankara opposition turque intensifié ses attaqu 	autre
marine pen nicolas sarkozy est pas sincè pas convictions multimedia marine pen nicolas sarkozy nest pas sincere pas convictions via nationspresse	autre
discours valérie écresse pavillon baltard avec militants sarkozy salue rassemblement autour 	autre
revue presse turquie attentat place erdogan face aux conséquences politique 	autre
russie pour è fois dehors depuis pas comme les usa qui est agresseur putin diable obama ange gardien monde 	mixte
turquie les familles enterrent les victimes attentat ankara énoncent erdogan via levif	autre
lemondefr « les attentats ’ankara vont sans doute ésenclaver question kurde » pkk erdogan akp 	autre
beaucoup voix é èvenet contre totalitarisme erdogan gilles kepel ankara ouimaisnon radiom	autre
pourquoi erdogan droit tenir france discours plus haineux raciste que morano parce est pas blond 	negatif
jccambadelis morano ègera toujours aux instances sanction prise par sarkozy est poudre aux yeux interactiv 	negatif
quand erdogan humilie france ses valeurs elle lui offre une tribune via lehuffpost	autre
profencampagne oublie pas que sarkozy étruit des milliers poste supprimé formation initiale 	negatif
baroin avec juppé é é que éception éception soutient è officiellement sarkozy pour 	autre
air france est pas allé chercher cahuzac sarkozy dans leur lit jean luc élenchon politiveille	autre
pnerval suis stupide car avais voté pour nicolassarkozy mais jamais plus sarkozy est salaud traître 	negatif
premier ministre singapourien gagne fois salaire obama 	mixte
erdogan assassin son peuple 	negatif
’est pas encore officiellement candidat mais é à son duel annoncé avec alain juppé est dans toutes les êtes 	mixte
élenchon sur les gardes à vue à air france pas é é chercher sarkozy dans son lit 	autre
vengeance mot terrible qui retentit sans cesse à oreille juppé point repos vengeance que contre sarkozy 	negatif
politique nicolas sarkozy primaire épublicaine sarkozy peut pas revenir sur organisation pour politique	autre
erdogan ê turc dessin jour martin linden erdogan tete turc dessin jour martin linden via 	autre
suis pas entre deux chaises ailleurs sarkozy fillon sont des chaises ericwoerth letalk	autre
attentat ankara exacerbe les tensions entre erdogan parti pro kurde point lepoint 	autre
air france est pas allé chercher cahuzac sarkozy dans leur lit vrauche pathetique via lepoint 	negatif
point attentat ankara exacerbe les tensions entre erdogan parti pro kurde rivalité entre 	autre
jccambadelis sarkozy serait plus édible employait pas les êmes termes que front national 	autre
selon jccambadelis nicolas sarkozy est pas édible car utilise ê langage que 	autre
les conclusions enquê sur ènent pas les allez vlad poutine à é échir est vraiment foutu pour eux 	negatif
primaire à droite sarkozy veut diminuer nombre bureaux vote pas surpris danger	negatif
air france est pas allé chercher cahuzac sarkozy dans leur lit socié é í lepoint	autre
quand gouvernement socialiste est fier expulser plus que sarkozy hortefeux gueant besson 	mixte
poutine bombarde des syriens qui ont rien demandé ensuite plaint avoir des attentats contre son ambassade syrie russie	negatif
les erdoganolatres aussi sont aux abonné absents plus baratins sur erdogan courageux blablabla	negatif
poutine critique manque coopération des etats unis sur syrie normal ils ont armé les islamistes	mixte
bfmtv ê les pro erdogan des doutes à 	mixte
sarkozy ô fin des clans à é ération paris des épublicains lemondefr sarko jamais sera pour rassemblement divise	negatif
turquie des milliers personnes scandent « erdogan assassin » 	autre
opposition turque intensifie ses attaques contre erdogan 	autre
aprè attentat ankara parti prokurde hausse ton face à erdogan attentat meurtrier qui visé sam 	autre
alerte attentats ankara erdogan ordonne une enquê sur éventuelles failles sein etat via romandie	autre
sarkozy croit pas bureaux votes pour les primaires pas confiance autre choix tactique pessimiste est curieux 	negatif
urgent erdogan toutes les organisations terroristes sont aussi échantes cruelles ignobles les unes que les autres 	negatif
attentat ankara ésident erdogan ordonne une enquê sur éventuelles failles sein etat semsberxwedan	autre
figaro actualité via figaro	autre
itele turquie les attentats ankara trouvent leur origines syrie affirme ésident erdogan	autre
éputé épublicain traite erdogan islamiste cravate valeurs actuelles 	autre
attentats ’ankara erdogan admet probables « fautes » pouvoir nouvelles lemonde	autre
yannickmoreau traite erdogan islamiste cravate manuelvalls valeurs turquie france meeting 	mixte
poutine critique manque coopération des etats unis donnant pas informations sur les cibles syrie 	autre
une pro poutine dans classe plus elle étient mon livre histoire	autre
attentats turquie erdogan admet probables fautes pouvoir via 	autre
ces salarié sont pas des voyous sont des gens qui éfendent leur emploi ils ont éfendu leur droit 	positif
obama netanyahu aime pas comment voulez vous trouve traité paix onvpsm	mixte
érive é ottomanisme erdogan jeu dangereux 	autre
cible des critiques erdogan sort son silence trois jours aprè attentat challenges challenges 	autre
hollande macron dans collimateur cgt fallait pas appeler à voter hollande ils èvent 	negatif
syndicaliste cgt refuse serrer main françois hollande fais pas confiance à ces politiciens 	autre
syndicaliste cgt refuse serrer main françois hollande fais pas confiance à ces politiciens Érite Égion honneur	positif
pour françois hollande fleur pellerin culture est plus combat 	autre
hollande font bien cabosser chez lui	negatif
hollande épublique tchèque 	autre
hollande condamne pas violence patronale voir interpellation cgt stx syndicalisme	autre
bfmtv comprend que nicolas sarkozy baisse hollande hausse alors que les sondages prouvent contraire	autre
image rarissime ésident hollande prenant à financier pic alexhervaud via 	autre
Échange entre francois hollande sebastien benoî cgt par ouestfrance via dailymotion	autre
qui peut arriver pire est que les appareils imposent peuple choix entre des candidats dont veux pas hollande sarkozy	negatif
éponse hollande syndicaliste cgt euh murff groumfff buuhh legrandtimoré	negatif
hollande ils sont maudit	negatif
moi peut aller partout hollande apostrophé cgt éfie gouvernement – metronews 	autre
les pigeons hollande rsi qui étouffe les indépendants valeurs actuelles via valeurs	negatif
primaire des épublicains nicolas sarkozy trouve surréaliste nombre bureaux vote sarkozy 	autre
popularité françois hollande bondit cinq points à octobre alors que celle nicolas sarkozy infléchit deux points à	autre
bygmalion sarkozy « éfausse» « sait pas assumer» accuse lavrilleux libération 	autre
sarkozy relance machine à cash des donateurs via challenges ils sont pas vacciné 	negatif
pas euro pour hollande dommage 	negatif
hollande absente euro par contre étanque bien ésente aux 	autre
hollande vient sortir euro	autre
sarkozy éfausse sais pas assumer accuse lavrilleux dans libe 	autre
sarkozy éfausse sarkozy pas organiser les primaires manquerait plus ’ reproche aux français ’avoir culture ’excuse 	negatif
video syndicaliste refuse serrer main hollande à saint nazaire via parisien	autre
sondage hollande sarkozy coude à coude morano hausse 	autre
pour une fois syndicaliste collabore pas avec politique 	positif
éputé lesrepublicains yannickmoreau traite erdogan islamiste cravate 	autre
françois hollande chantiers stx syndicaliste cgt refuse serrer main françois hollande fais 	autre
octobre jour ù hollande est fait sermonner comme gros gamin par sebastien benoî secrétaire cgt naval 	negatif
mois avant les primaires hollande était oui ailleurs sans incident dsk serait sans doute avec écassine placard 	negatif
bruno retailleau retrouve dans position diplomatique france les coups yoyo politique françois hollande 	autre
turquie attentat place erdogan face aux conséquences politique obs nouvelobs 	autre
« faudrait plus appeler cette affaire bygmalion mais celle des comptes campagne nicolas sarkozy » lavrilleux 	autre
é ô lavrilleux «nicolas sarkozy ment» 	autre
’attaque terroriste ’ankara trouve ses origines syrie ésident erdogan 	autre
« race blanche » morano monte dans les sondages sarkozy baisse selon tableau bord ifop fiducial pour 	autre
françois hollande à russeurope non discours devant parlement europé souverainisme vichy	negatif
hollande ésavoué par majorité des français pour incompétence crasse ruine france 	negatif
primaire mauvaise excuse sarkozy qui veut éduire nombre bureaux vote politique via lepoint	autre
elysé français sur trois pense que juppé ferait mieux que hollande 	autre
pour é ô lavrilleux nicolas sarkozy ment éfausse sait pas assumer bygmalion	autre
comment faire confiance à peuple qui voté pour françois hollande 	negatif
françois hollande à françois hollande donc prononcé ces jours derniers discours via russeurope	autre
exclusif bygmalion é ô lavrilleux enfonce nicolas sarkozy via lenouvelobs politique scoup	autre
interview exclusive bygmalion lavrilleux enfonce sarkozy news	autre
françois hollande à saint nazaire cgt refuse serrer main éside elysé 	autre
voici les amis hollande sarko bhl finkiercrault ’ ’ils éfendent ûler car palesti 	negatif
pour les incultes comme moi est à robertboulin bygmalion lavrilleux sarkozy êteduslip 	negatif
erdogan évoque une faille renseignement sur attentat ankara rts 	autre
pour sarkozy hollande est fini est niveau gaz schiste gds	autre
affaire bygmalion é ô lavrilleux accuse nicolas sarkozy éfausser pas assumer 	autre
«dans panthé mes valeurs mot qui est è important ’est responsabilité» sarkozy ump lavrilleux 	autre
hollande walls macron auraient moins avoir indecence supprimer les retraites les departs chapeaux des grands patrons	negatif
françois hollande chahuté par les ouvriers des chantiers saint nazaire 	autre
hillary attaque à poutine doit lui tenir ê à obama peut faire est pas plus ferme dirigeant 	autre
zapping obama à las vegas personne dit mal lui new york les dodgers ont battu les mets soiré bonnes nouvelles 	positif
poutine critique manque coopération des etats unis sur syrie raison poutine russia niemen svp	positif
afpfr erdogan une lourde responsabilité morale situation actuelle politique kurde syrienne conduit à des catastrophes	negatif
turquie erdogan limoge trois responsables police ankara terrorisme	autre
ésidence turque donc erdogan qui diffuse spot pour égalité homme femme ohwait 	negatif
poutine critique les etats unis sur question des frappes syrie via newsrepublic sont content xfd xfd xff 	positif
lematin erdogan recueille sur les lieux attentat sous feu des critiques ésident turc est 	autre
lemondefr attentats ’ankara erdogan admet probables « fautes » pouvoir 	autre
laurence bibot à propos visite erdogan belgique audio humour	autre
turquie trois responsables police ’ankara limogé aprè ’attentat ankarabombing ankara	autre
turquie erdogan annonce une enquê sur probables fautes 	autre
bravo à yannickmoreau pour son excellente lettre ouverte sur scandaleux monsieur erdogan 	mixte
turquie erdogan recueille sur les lieux attentat ankara ésident turc recep tayyip erdogan 	autre
barack obama qui incruste à mariage donc reste plus beaucoup temps pour que francois hollande incruste miens xfc xffb 	mixte
erdogan est pas fini mon pote vas sauter avec ton partie mouton 	negatif
rigolo kimyongur pro poutine accuse erdogan tous les maux terre mais pas une condamnation pour assad son dieu 	negatif
« obama ’arrive pas à condamner les palestiniens pour leurs actes terroristes » 	autre
turquie fin des subventions à presse des minorité chrétiennes 	negatif
urgent ésident erdogan quelle différence entre bombe que daech fait exploser à suruc celle pkk à gaziantep 	autre
jrs apres atentat ankara ésident turc recueille devant les victimes morts é é suspect erdogan kebetu	autre
france fait frappes par mois russie plus par jour hollande ouvre bouche poutine agit contre syrie elysee	negatif
fusillade obama appelle aux édias 	autre
erdogan suspend hauts fonctionnaires police à ankara aprè ’attentat octobre 	autre
finale syrie bravo poutine russie veut pas faire guerre à turquie donc les é éraux 	autre
infos syrie quand aviation russe croise aviation éricaine 	autre
poutine deposé une loi parlement russe qui interdit qualifier bible coran ouvrages extrémistes russie	autre
poutine éfend les livres sacré liberté conscience selon ésident russe bible coran 	autre
barack obama annonce éploiement militaires cameroun 	autre
poutine commence à avoir peur des actions terroristes ils vont finir par passer à acte 	autre
syrie victoire cathodique poutine via libe syrien syria	autre
iphone à effigie vladimir poutine à partir dollars 	autre
boko haram obama envoie des troupes cameroun afrique	autre
turquie reste bien û pays sous domination éricaine mais erdogan commence à irriter otan est pas pion fiable à 	negatif
que dieu change russie via lehuffpost russie ukraine	autre
maire kurde hinis hasan basri firat autre représentant kurde ont é é emprisonné par égime erdogan	autre
poutine nique des ères juste avec ê 	negatif
afpfr hollande obama faux combattants terroristes ils nous ont tous menti depuis longtemps jour poutine est arrivé 	negatif
poutine critique les etats unis sur question des frappes syrie via rfi	autre
poutine soutient pas assad mais gouvernement égitime syrie égeant à onu 	mixte
poutine diable russie mon amour 	mixte
selon ésident des États unis barack obama les employeurs plus é éctive sont ceux qui solicitent opinions leur employé 	autre
ésespé é è jeune saoudien condamné à mort appelle barack obama à aide — français 	autre
bfmtv merci poutine xff xffa fait bon travail face aux barbare soutenue par france les usa les xfe xffc xfe xffc 	mixte
otan interdite accè à caspienne par poutine ’otan interdite ’accè à caspienne par 	autre
cameroun fait partie coalition contre boko haram qui è depuis plusieurs mois des attentats sanglants 	autre
france commet graves erreurs commercer avec arabie saoudite renie russie par étexte que poutine est dictateur 	negatif
boko haram obama annonce éploiement militaires cameroun imatin civ 	autre
washington plus plus seule sur è internationale 	autre
syrie cibles terroristes visé par les russes poutine fait pas dans demi mesure hollande otage qatar gesticule 	negatif
russie fait deux semaines syrie que les États unis ont faire deux ans 	mixte
syrie monde jamais ete aussi eloigné une eme guerre depuis que russie mit ombre aux usa syrie 	negatif
frappes syrie contre français paris pas fourni preuve une agression imminente 	autre
les djihadistes étrangers fuient pas vraiment syrie irak ils redéploient dans autres zones djihad 	autre
alliance dirigé par les usa accorde pas totalement avec russie aura des conséquences noires pour syrie 	negatif
obama évient poutine impose pas paix à coup bombes pas gonflé 	negatif
obama évient poutine impose pas paix à coup bombes via sur	autre
ils ont divisé avec une ègle syrie turquie qui sont seul pays union turco islamique enrichir russie amf	mixte
intervention russe syrie troisiè guerre mondiale aura pas lieu via huffpostquebec	autre
non ’ pas porte avions chinois large syrie 	autre
afpfr cette ériode daech existait pas encore syrie les seules exactions épression venant égime syrien civils asl 	negatif
vous avez pas bien compris qui passe syrie depuis ans cette video vous ésume tout 	positif
’ confronté des revers militaires sur terrain iraq syrie trouve que des vidé écapitations pour faire parler ’elle	negatif
plus que quelques milliers syrie chef groupe é à ï é par une frappe éricaine via orangenewsfr	negatif
fait que turquie ’occupe des éfugié syrie est preuve leadership peuple turque Écosse lass minutes fraslo omfcl	autre
que mensonges sur les destinataires des armements syrie entre les mains qui donc ont atterri 	autre
interview syrie comment ’ arabie saoudite éagira elle à ’offensive russe écurité moyen orient 	autre
les bombardiers russes étruisent blindé érobé par irak syrie pouvait traquer ainsi bokoharam 	mixte
george galloway explique dans une interview sur conflit syrie via youtube	autre
guerre par procuration entre russie les États unis syrie via courrierrussie	autre
syrie poutine à conquê religieuse capturer ’â des peuples via wordpressdotcom	autre
vraie mise garde shoah via slatefr fait syrie actuellement par les éricains 	mixte
syrie nouvelle contre attaque surprise sud ’alep les lignes jihadistes pulvérisé informations internationales proche moyen orient syrie syrie nouvelle contre attaque surprise sud dalep les lignes jihadistes pulverisees via nationspresse	autre
selon info arabes russes bcp soldats quittent syrie rasent rejoignent flots migrants turquie intervention merckel 	mixte
musulmans doiv pas importuner entre eux que soit irak syrie plupart ont erreurs ils attarde pas sur cela	mixte
vous énervez avec vos mais vas partir syrie prochain qui dit ç coup boule sachezle barbegéante	negatif
cohn bendit aura pas solutions syrie avec bachar assad via dailymotionusa	autre
syrie pour louvre grand arc palmyre était «unique» 	autre
minutes pour comprendre syrie gaz dans bataille í youtube	autre
israel bombarde gaza pers parle syrie lieu installer paix ils cherchent des solutions faire face aux migrants 	negatif
les avions russes étruisent centres commandement via sputnik 	autre
heures syrie pentagone affirme avoir é chef groupe khorasan lors une frappe chef 	autre
syrie bataille ’idlib commencé via reseau internat	autre
voix off des reinesdushopping jle kiffe des barres à chaque émission 	positif
elle oser dire que rihanna elle pas classe reinesdushopping	negatif
moi jdis les reines shopping sens elles vont étruire les unes les autres reinesdushopping	mixte
camille des reines shopping semaine mars mars bowling lomme bowlinglomme reinesdushopping	autre
castingnational les reinesdushopping par munlimited amp épierre dans centres commerciaux mbadmbtv	autre
est moi cristina fait exprè pas savoir parler français reinesdushopping	negatif
reinesdushopping une semaine avec pleine surprise magnifiiiiqueeee	positif
qui épare ses munitions pour tenir devant lemeilleurpatissier meilleurpatissier lmp 	mixte
philippe candeloro juré est autiste sait pas suivre une recette meilleurpatissier	negatif
victorartus titoff vous faites tellement rigoler avec candeloro grand moment âteau oublie meilleurpatissier	positif
À cause meilleurpatissier tellement envie manger xfe 	negatif
elle est trop jolie alizé meilleurpatissier	positif
mindulah est trom ô ptdr reinesdushopping	positif
est quoi grognasse dans les reinesdushopping à 	negatif
putain les commentaires sexistes des reinesdushopping ç avait pas manqué 	negatif
des hanches ÉveloppÉ mais elle é é âble christina ptdrrr elle pas graisse mounia pfff reinesdushopping	negatif
juin manif pour tous donne rdv à invalides à 	autre
relire parlé ivg plaisir éminin manif pour tous avec benoî groult via magazinecheek	positif
direct sur periscope manif pour tous face aux crs 	autre
charlie coulibaly dieudonne condamné appel nous avions assisté à ’audience 	autre
prison avec sursis pour dieudonné qui peut nous expliquer à partir combien écidives sursis est levé 	negatif
vidÉ — exclu – alex goude esprit à timé épond à manif pour tous aprè onpc 	autre
benoî groult est morte avait parlé ivg plaisir éminin manif pour tous avec elle 	autre
manif pour tous vient écouvrir cedh fait que droit français applique pas à étranger changez rien les mecs 	negatif
moi donne min trouve combishort short top sac pour € jsuis plus forte que les reinesdushopping	mixte
putain dsk est trop fort nooooon jisouifan	positif
idf investit balkany ara des militants manif pour tous est mal faut rien âcher Àgauchetoute égislatives	mixte
affaire baupin travail universitaire épinglait «dsk des verts» via slatefr	autre
manif pour tous marche rejoindront les manifestations anti manifpourtous	autre
baupin dsk compagnie est tous des gens comme par hasard ils abusent nous citoyens aussi cdenquete	negatif
selon dsk les bourses vont vider avec victoire brexit euref	autre
les bourses effondrent brexit était état islamique qui remporté une grande victoire aujourd hui 	mixte
une ê organisé par les veilleurs manif pour tous parisien lmpt 	autre
groupe ump udi incapable extirper des é ïsmes locaux divise sur choix besanç comme è égion bfc plenbfc	negatif
â voir les gugus manif pour tous éfiler pour interdire mourir cause ces genes 	negatif
ebene magazine libye ’etat islamique acculé dans son fief syrte libya pro government forces 	autre
conseiller égional ump patrick genre insinue que peuple suisse est raciste critiquant nationalisme rampant plenbfc	autre
syrie offensive contre etat islamique progresse à manbij googlealerts	autre
syrie les troubles arrangements lafarge avec ’etat islamique 	autre
françois hollande angela merkel manuel valls alain bonnet dit soral dieudonné marine pen nicolas sarkosy 	autre
chef renseignement militaire israélien affirme ’ israel ’oppose à éfaite ’etat islamique daech	autre
clip propagande ump pour traité constitutionnel europé youtube france avait dit non à 	mixte
anonymous amuse à pirater les comptes twitter jihadistes etat islamique via 	autre
depuis trois mois russie envoie aux etats unis les coordonné ’etat islamique daech front 	autre
vous vraiment gros problèmes arithmétiques à ump bygmalion camille est nombre ômeurs qui augmente comme sous sarkozy	negatif
’État islamique appelle à attaquer berlin bruxelles pour paralyser europe brexit 	autre
« ’etat islamique perd ses territoires pourrait disparaître ’ici deux ans » — via lemondefr	autre
imaginez autre parti avait fait cela les medias font militantisme politique pour ump honteux 	negatif
est gros merdier bordel sans nom dire que dsk avait pas cassé boite noire serait ésident 	negatif
une mannequin canadienne partie combattre État islamique 	autre
émoignage ’abou moussab manque pas ’inté ê sur fonctionnement ’etat islamique ancien 	autre
oublié mais tout monde sait que est les êmes ébiles qui formaient ump donc 	negatif
quand lafarge travaillait avec ’etat islamique syrie via lobs	autre
bhl onpc parler sang contaminé sofitel ’antisémitisme fabius dsk quel con risible obscurcissant oups suis antisémite	negatif
flirt ump nonobstant risque consanguinité trisomique que signalé est fable amante religieuse marine nicolas 	negatif
encore braves à ump qui pense pas à leur carriè perso juste à passer à é é trop touchant personnage fusible trop ô 	negatif
mikhail sergachev est éfenseur écial ’est pas russe typique est toujours souriant logan brown équipier gohabsgo	autre
ans est passé peur des algériens à peur État islamique 	mixte
vladimir poutine visite à ékin « allié proche » international	autre
’inquiétant émoignage ’ ancien policier ’etat islamique trudeau couillard espè que allezlire	mixte
« faites vous passer pour des chrétiens » consigne ’etat islamique avant ’attaquer les infidèles 	autre
erdogan explique brexit par ’islamophobie 	autre
pour erdogan « brexit est pure islamophobie» epa les dirigeants européens font pas rapidement 	autre
propos irresponsables valls à égard cgt ses militants depuis plusieurs semaines ésultat égradations è cgt	negatif
perd des fortunes à cause ’embargo avec russie francoisfillon est seul à ’avoir dit depuis longtemps 	mixte
politique erdogan europe tait donne milliards 	negatif
bmoon bee valls atteint certain niveau vrai mais dire que est erdogan belle preuve malhonnêteté intellectuelle yekbun	negatif
premier ministre monsieur manuel valls exigeons transparence des abattoirs signez é via changefrance	autre
grave cia enquêter sur les appuis trudeau à État islamique pense vous avait Évenus 	negatif
angleterre égage euro mais taisez vous russie turquie pourtant ils sont pas dans 	negatif
trouve accord pour prolonger les sanctions contre russie kpakpatoya	autre
finalement nicolas sarkozy ’est plus contre é éndum sur ’europe auquel était opposé mois 	autre
video brexit nicolas sarkozy envisage é érendum sur nouveau traité europé via francetvinfo	autre
point chute popularité françois hollande manuel valls stabilise ésident est plus bas 	autre
breakingnews dans jours min sec france sera libé é imposteur hollande 	negatif
bfmtv sarkozy trahi vote des français hollande continu à vendre france	negatif
hollande rien entrepris ans pour faire progresser é européenne son bilan à comme tout autre domaine relè éant	negatif
exceptionnel hollande çoit tous les adhérents modem manuelvalls dort 	negatif
russie offre une vedette lance missiles à ’egypte russie offert samedi une vedette équipé missi 	autre
tire élibé é sur eau palestiniens tape hollande conscience dit faut armer derniers 	negatif
impact brexit sur économie russe pas critique via sputnik 	autre
europe est ômage misè trafic drogue invasion islamiste racisme anti français viols est fhollande coupable	negatif
vladimir poutine condamne ’attitude ésomptueuse londres pouahahh lhopital charité mon è 	negatif
jeunes emploi ’avenir menacé par ômage lareunion 	autre
toute honnêteté vous voteriez pour dsk tant que ésident faisant abstraction ses erreurs 	mixte
marathon post« brexit » ésident hollande 	autre
coupe monde russie ç être bordel pas possible	negatif
euro quand françois hollande transforme supporter irlandais presque photo 	autre
merkel acte fin couple franco allemand était évisible hollande aucune égitimité à gouverner donc next 	negatif
françois hollande brexit fidè à son image 	mixte
ê sarkozy trouve morano stupide elle ’est ’ connait elle dit que é ônent fuite ’ comment âmer schiz	negatif
les enchères minables sont ouvertes cavalant derriè sarkozy donnerait peine mort aux kamikazes quel con principe pas besoin	negatif
ecoute valls connard qui casse vitres une affaire état supprimer postes ôpitaux une éfome santé 	negatif
dialogue à trois è mercredi soir françois hollande avait annoncé ’ rendrait à berlin « semaine 	autre
actu russie edward snowden énonce une loi « big brother » « surveillance masse » 	autre
turquie veut intégrer europe quelle honte que entretienne des relations avec cet enf é erdogan atatü doit retourné	negatif
est diabolisé depuis ans est édiatisé depuis ans dieudonné soral ont é é diabolisé ils ont é é interdits édias 	mixte
french brexit yes brexitcollaborateurs hollande recasé ésidentielle qui rend fou selon	negatif
’iphone interdit chine à cause ’une socié é fantô 	autre
é salamé raison investiture balkany sera problè pour sarkozy onpc	mixte
bfmtv français vous êtes source malheur europe vous avez provoquer les guerres exode haine ômage zizanie entre nation	negatif
quant à laissons foi merkel hollande pratiquer des massages cardiaques sur mort ils sont devenus fous brexit hollande 	negatif
olivier besancenot seul politique qui commence une émission avec mot soutien service public poste onpc	positif
’europe politique aprè brexit par georges contogeorgis via mediapartleclub 	autre
brexit propage à travers ’europe italie france hollande danemark veulent des é érendums 	autre
gouvernement fait calcul politique instrumentaliser euro contre loitravail olbesancenot onpc france	autre
sarkozy qui trahi les français ose encore montrer à pour parler europe filmdhorreur brexit frexit	negatif
qqun peut lancer une étition pour revenir sur élection hollande peut facilement épasser les les édias nous relayeront	negatif
é érendum sur brexit tournant majeur dans politique européenne 	autre
espace chine lance nouvelle fusé «longue marche » leparisien 	autre
valls vous compris voit bien étrangle 	negatif
énin éduit participation à force multinationale lutte contre boko haram kebetu	autre
pour olbesancenot hollande son gvt est pas égitime car pas é é é pour cette loitravail couler pays onpc	autre
ésident épublique hollande trahi ses promesses campagne tous les étudiants journalistes savent salamé corrompue onpc	negatif
hollande é é é enorme connerie dont payer longtemps les conséquences brexit idem moralité vote est important 	negatif
bfmtv nicolas sarkozy veut que france prenne une initiative è forte seule initiative prendre est prenne porte 	negatif
loi travail hors programme candidat hollande sensé simplifier fait complexifier encore plus code é à bien lourd onpc	negatif
onpc besancenot les politique professionnels sont des crapules proposez des poutou des casseurs	negatif
quand politique donne parole à son peuple voilà comment est jugé histoire lui donnera juste place 	mixte
russie les “garajniki” symboles ébrouillardise russe systemed anecdote urss 	autre
brexit éfilé politiques à Élysé pour faire croire prise sur les choses 	negatif
onpc besancenot nous donne une ç économie politique mais pourquoi lui donner autant importance 	negatif
les osc apprécient outil ayant évité pire énin pendant ésidentielle googlealerts	autre
dieudonné ê noire reportage via youtube	autre
évision liste électorale ô ivoire cnc éclame moins mille formulaires via afrikipresse 	autre
évision liste électorale ô ivoire cnc éclame moins mille formulaires afrikipresse 	autre
quand ê mal à imaginer hollande remettre coupe à lloris peur pour demain rmclive	negatif
emmanuel macron propose nouveau projet europé post brexit 	autre
’etat islamique annonce ’invasion violente ’europe â aux bateaux des migrants brexit frexit stopeu	autre
brexit loin être une catastrophe une chance pour france 	autre
sarkozy étais situation proposerais projet cinq points pour 	autre
lafarge aurait travaillé avec ’etat islamique syrie les parents des victimes survivants apprecieront 	negatif
politique moins pire dernier recours sans bilan projet regards 	autre
mal à dormir suis toujours traumatisé par cette journé football ennuyante 	negatif
hollande souhaite plus europe est grand malade avait eau jusqu cou vieux con disait avancer chanson 	negatif
nouveau traité europé possible fin pour sarkozy presse 	autre
portugal qualifie face à croatie bout ennui via lequipe	autre
video euro les supporters irlandais font danser des policiers français via minutes	autre
françois hollande refuse à marine pen é érendum sur sortie ’ via actualite	autre
hollande épond brexit proposant une europe écurité populisme via mediapart 	negatif
« situation économique pays est è élicate taux ômage est » 	autre
prix navigo cri alarme vpecresse malgré promesse valls participer à son financement taxevalls	autre
financement pass navigo à tarif unique pourquoi vpecresse menace lancer une taxevalls 	autre
renato sanches est tout simplement impressionnant live respire football xbd 	positif
psg aurait fait offre incroyable pour neymar 	autre
vladimir poutine condamne ’attitude ésomptueuse londres 	autre
psg «laurent blanc perçois pas inté ê remplacer par unai 	autre
è gros match des croates soyez fiers votre équipe éritais aller plus loin xff por cro cropor euro	positif
une chose est û les nord irlandais vont manquer dans cet euro walnir nir euro	mixte
ronaldo qui console modric est ç fair play vive foot cropor euro	positif
comment éliorer les relations tendues entre chine ïwan comrp 	autre
jour lance sur youtube è vidé que fais est truc érieux pour éfinir droite gauche politique	autre
tous cas euro est pas toujours grandiose est û 	negatif
shaqiri homme qui avait rien branlé tout tournoi qui avant partir mis but euro bien joué xff xffb xff xffb 	mixte
euro supporter français éclare flamme aux irlandais sur facebook euro 	autre
hollande dit ira jusqu bout traîtrise pour faire passer loi esclavagiste peuple aussi ira jusqu bout	negatif
bilan écurité è satisfaisant pour éfecture aprè cropor à bollaert euro 	autre
politique brexit david cameron grand è juif è é é appré é israë 	autre
eurosport é tirs cadre dans temps églementaires aucune équipe ériter carotns	negatif
brexit invite dans campagne égislative espagnole via france	autre
portugal euro sans gagner seul match cropor	negatif
france est éliminé demain regarde plus euro xfeb xff ️	negatif
euro « ê absolu est une finale france galles» espè chanteur michael jones 	autre
vidÉ deschamps pogba avait besoin peu tranquilité equipedefrance 	autre
finalement krychowiak psg ç érange pas vince janssen doublure cavani serait feu	mixte
est vrai france portugal bashing constant parle pas seulement football comprends pas ù ç vient 	negatif
euro une grand question demande est que français peuvent atteindre jusqu à face terminal	autre
deschamps cherche formule Équipe euro fra irl	autre
voir portugal suisse peut avoir des regrets 	autre
merci à cro qui nous aura offert beau jeu des émotions triste que ç termine comme ç foot est parfois cruel euro	mixte
but quaresma qui élivre portugal vidé foot euro	autre
france comme toujours cherche une sortie secours 	negatif
euro les gallois arrachent quart historique dans douleur 	autre
copa america est telle mieux que euro copaamerica copa euro parionssport	autre
une justice dans football argentine sera sacré championne demain copaamerica 	mixte
é ômage est reparti é è hausse vous devriez pensez à é votre propre business 	mixte
les anglais voulaient pas une europe politique é érale donc maintenant ils sont partis faut 	autre
replay vendredi des reinesdushopping hyper decue fille plus basique est gagnante nadege meritait gagner 	negatif
trop regardé reinesdushopping que éveilles paniqué plein milieu nuit parse que pas acheté sacoche xfad 	negatif
à avec les rentré des pub avant les prolo enfin pouvoir augmenter les gains udpp reinesdushopping porfra euro	negatif
mickaelmiro dam dam é horloge tourne dans les reinesdushopping yehhhhh	mixte
aussi thibaultgiresse niveau mode casquette kombouaré doudoune gourvennec reinesdushopping	mixte
faustinefb espérant que reviennes avec une saison meilleurpatissier dans tes valises	positif
voix off qui moque candidate alors que est lui qui prononce mal must have parfois vaut mieux taire reinesdushopping	negatif
trop bien votre é avoir ouvert burgerking blois est pas pour plaindre mais bon sur autoroure est peu con quoi 	mixte
une part âteau burger burgerkingfr 	autre
enseigne burgerkingfr poursuit son éveloppement nouveau restaurant est projet à énin beaumont pasdecalais burgerking	autre
cristinacordula pourquoi imposer miseenbeauté par des professionnels qui trouvent jamais â à vos yeux reinesdushopping	negatif
cedrocklr audrey bnt é è burgerking 	positif
meilleur âtissier qui reprend mercrediiii youpi meilleurpatissier jecourspourmanger	positif
cristinacordula est quand les rois shopping belgique Ç fait semaines que attend rtltvi reinesdushopping	mixte
soir retour meilleurpâtissier cyril lignac mercotte xffa 	autre
meilleurpatissier commence ç sent fin anné lmp	mixte
meuf chiale à premiè épreuve retrouve chez psy pour derniè épreuve 	negatif
est âtissier derriè église isamergault lmp meilleurpatissier	autre
élestin est une catastrophe 	negatif
Ç être tendu regarder lmp sans âtisserie 	negatif
vouloir aller burgerking grenoble è jour aprè son ouverture echec total est surblindé 	negatif
devant meilleurpatissier xfd 	autre
meilleurpatissier soir xfd 	positif
son étallique est nouveau concept meilleurpatissier	negatif
les musiques des sims dans meilleurpatissier parle 	mixte
mercotte arrê critiquer peu ê pas une âtissiè meilleurpatissier 	negatif
quand salives devant meilleurpatissier cyrillignac mercotte 	positif
meilleurpatissier angoisse des émoulages trop pas assez cuit pas fini massacré aussi des mega beau âteaux quel supplice ç 	mixte
regarder meilleurpatissier est grave apaisant lmp	positif
les âteaux halloween dis oui trop bien wsh meilleurpatissier 	positif
cette derniè épreuve meilleurpatissier donne tout dsuite moins envie manger halloween	negatif
passé coupdefoudreajaipur meilleurpatissier pendant épreuve halloween est tout suite pas ê émotion 	mixte
cerveau est égueulasse meilleurpatissier	negatif
jouissifs ces âteaux halloween lmp meilleurpatissier	positif
suis fasciné par leurs gateaux meilleurpatissier	positif
meilleur pour fin plus vrai que nature bravo meilleurpatissier 	positif
élatine dans cheesecake hellno meilleurpatissier sacrilè cyrillignac	negatif
faut arrêter raconter des conneries lui demandé retirer son voile elle passait à émission tpmp meilleurpatissier	negatif
laurent claudia burgerking est quand ê meilleur que leurs blattes vers mygale oeil kohlanta	positif
est pah modèrne reinesdushopping	autre
rattrapage des émissions cette semaine était dimanche replay adp koh lanta repley semaine adp kohlanta repley	autre
entre les ploucs les sans dents impression que est une finale koh lanta 	negatif
benoî trop content pour toi érite amplement kohlanta	positif
kohlanta benoî les tous égommer 	positif
damouah abdelkarter mais moi ê pas fait ç appliqué ç comme étais dans une épreuve koh lanta ahaha	mixte
benoit koh regarder replay kohlanta ill refait journee 	positif
omg jeremy koh lanta qui ébut gloire 	positif
aimerais trop être isolé ptit moment sur une î éserte comme koh lanta	positif
dans kohlanta ils mangent des blattes des mygales mais mddrrr à seconde ù vois ç vois plus	negatif
viens regarder replay kohlanta franchement suis contente des rouge teh	positif
fcg lalibanaize shqip rim agron est pire une épreuve koh lanta seul les sages esprits passe bonne chance	negatif
mdddr mais moi koh lanta pas raconte ton confort mort aurais grave haine	negatif
épreuve immunité candice elle avait strictement rien foutre suis xfd 	negatif
vous dis mes histoires amour est koh lanta vous blaguez mdrrr sorti truc étais mdrrrr 	mixte
trouve que beaucoup chance aime pas foot regarde pas walking dead fous kohlanta bref peur rien	mixte
gwendalaviir est pas dans koh lanta xddd	mixte
tournage saison prochaine kohlanta commencé est parti pour à jours aventure pour les nouveaux candidats 	autre
thewalkingdead enfait cette saison est koh lanta fin restera 	mixte
petit sourire benoit koh quand candice prend totem xfc 	positif
quel est gagnant kohlanta thailande 	autre
wafa jlaimais trop dans koh lanta	positif
the walking koh lanta fait restera plus 	mixte
friendstrip è bon casting épart pour cette saison friendstrip surtout participation wafakohlanta kohlanta	positif
mais pire que koh lanta è dure cette épreuve friendstrip teamfriendstrip emilieamar pauvre cherie	negatif
tpmp sos famille è les koh lanta ils calmeront sur vie 	negatif
etre avec jessica est pire que les épreuves dans koh lanta serieux voix est insupportable lclmvsmonde	negatif
élestin est parti meilleurpatissier est trop nul voulais vraiment rester joueur lol 	mixte
suis complètement accord élimination olivierminne était injuste é é éç parte dals tpmp	negatif
tpmp moi aussi adore dals est bien produit est divertissant fait souvent des beaux moments é é 	positif
montage musique alliage à dans dals tpmp cyrilhanouna	autre
peut parlez ahmed sylla lieu dals rit devant ctv tpmp tpmp	mixte
faut arriver à faire coque chocolat meilleurpatissier	autre
tpmp avec les extraits crois que vais regarder dals samedi	positif
bchameroy dans dals ç aurait é é énial mais pauvre aurait fini â é bout è tpmp	mixte
cyril propos dals dit importe quoi ébut à fin tpmp	negatif
olivierminne tourné dals ç intéresse 	autre
olivierminne tout cas beaucoup toucher dans dals nous manquer	positif
regarde dals que pour karine ferri perso elle est parfaite xfd 	positif
mddrr parlez des chtis marseillais comme était koh lanta	mixte
souvenir fabienne carat brillait sur parquet dals xfd 	positif
olivierminne dommage aimais bien mais moins ç leur fait fermer leur gueule par rapport à des soi disant complots 	mixte
sens que vais pleurer à julienlepers dals 	negatif
jour aimerais bien venir voir les coulisses dals prime sandquetieroff oui ose 	positif
sylvietellier christophelicat dals bravo xfa 	positif
mariah carey dis oui ouui oui oui julien dals	positif
érieux é à pub aprè minutes faux suspens est pire que dals samedi dernier 	negatif
olivierminne resteras meilleur olivier pour moi gagné cette saison dals tellement éç vote public 	mixte
chris é é vachement dur premier prime kamel dals	negatif
chaque anné denitsa canon guise partenaire lucky girl 	positif
belle presta camillelou off gregoirelyonnet ils forment beau duo aime bcp camille elle beau potentiel â voir suite dals	positif
tjrs pas regardé dals suis pls aurai jamais temps	autre
camillecombal tpmp bchameroy les ères ils étaient vraiment à mourir rire 	positif
é é super choqué par les propos capucine sur flavie flament tpmp	negatif
helloellif nan mais parle quand les gens tweetent des insultes capucine pendant tpmp	mixte
htfanzouzes off cyrilhanouna tpmp fanzouzestpmp teambaba bordeaux	autre
maximedereymez olivierminne katrinapatchett dals verra katrina sur prime espè samedi espè fort	positif
viite demain retrouver équipe tpmp cyrilhanouna camillecombal gillesverdez isamorinibosc thierrymoreaut jmmaireofficiel	positif
episode ouf benoit koh king kohlanta replay bravolesrouges	positif
benoî est donc plus avec emilie veut savoir est passé nous adp adp	autre
enfin connaître fin mot histoire entre benoî Émilie mais ç aprè pub grr adp	negatif
pttttddddr hashtag estimeunprixcommecope mtue	positif
vraiment dommage entre benoit amp emilieadp ç pas fonctionné elle est tellement parfaite adp adp	mixte
trop égouté pour benoî Émilie ils correspondaient bien trouve xfa 	mixte
toi qui aimes pas les caméras emilieadp pourquoi avoir fait adp est une éalité avec tout qui autour adp	negatif
teleloisirs elle était pas à aise devant les caméras est quand ê peu principe émission pourtant adp	negatif
camillelou off elle rayonné parquet dals semaine derniè xfc 	positif
viens tema replay koh lanta comment jsuis content benoî leur mit une quenelle	positif
une connasse qui aime chasse adp	negatif
sortir avec une autre emilie pas risque tromper énom astuce adp	mixte
saison suis goujat choix adp adp	negatif
punaise col polo mec adp adp	negatif
par contre benoî col relevé était sympa avec roberto à époque dos tres mais à est fini adp adp	negatif
adp adp ç apporté quoi émission benoî éponse vie est énorme 	positif
quoi premier épisode est é à fini adp adp	mixte
dragoole trouver enfant stars aprè tpmp 	autre
htfanzouzes off cyrilhanouna tpmp fanzouzestpmp teambaba albi évidemment xfd 	positif
tpmp cyrilhanouna trop content babatourdefrance viens dans sud perpignan kiffe xfe 	positif
lose croyais verrait tout monde avais mais durer jusqu à ë quoi adp adp	negatif
jeremiiah coup replay pour moi avec beaucoup moins pub lirais tes tweet ils sont indissociables adp 	positif
semaine prochaine les twittos bon dodo adp adp	autre
enora tpmp enoramofficiel oui elle critique alors que est nulle toute é é elle devrait vendre poisson corse	negatif
veux que julie koh lanta chante tout monde veut devenir cat aussi 	mixte
karinelmoff est que fais rire entre adp lesgrossestetes deviens indispensables 	positif
é è quotidien que tpmp est clair net xfc 	mixte
cyrilhanouna sinon nul debut tpmp sans camille combal veut camille baba pas moins xff 	mixte
viens apprendre é è bourde capucine anav dans tpmp voulant savoir elle foutait banaliser viol really 	negatif
ponyshutterbug comme ç verras les é é é cette saison compris celui eric adp	autre
plus être beau énie intelligent tout pour toi mon jeanluclemoine 	positif
emilieadp benoit pas é é sympa avec toi tahlolm rachoubidou adp adp	autre
que les fans martialboboy arretent chouiner finir dans tpmp ils aiment recyclage bas 	negatif
é è denitsaoff avec bensettirayane aime moin couple laurent denitsa cette anné ️	mixte
beryl kohlanta bravo éryl pour ton parcours éç que sois parti ô 	mixte
bonsoir thierrymoreaut voulais savoir pourquoi vous avez une oreillette pandant tpmp 	autre
manolita oui heureusement les tweets avoue éclater rire souvent devant mon écran merci bonne nuit à tous adp	positif
tele merci oui à semaine prochaine bonne nuit à tous adp adp	positif
beau jive kamellemagicien emmanuelleberne belle énergie belle progression adore cette chanson dals	positif
eeeeeest une danse contempo pour emmanuelleberne kamellemagicien 	positif
quand twitter propose des hashtags étranges 	mixte
zape jtombe sur tpmp melissandre tellement vrai brisé vie trop honte nous mtn oublie trop qqun derriè 	negatif
soir est les questions jeanluclemoine les éris tpmp	positif
trop kiffant shopping amoureux des reinesdushopping xfd 	positif
burgerkingfr qui éguise mcdonalds pour halloween ils sont vraiment excellents niveau comm xfd 	positif
bon fait bouffé trop tarte vais revenir à doctor who é meilleurpâtissier mais fallait faire concours bicarbonate 	negatif
quand rentre travail que attrape é écommande pour mettre meilleurpatissier 	autre
arrive à reconnaître toutes grimaces cyril lignac genre millimètre qui dit aime pas âteau meilleurpatissier 	autre
personne avait évenu avait une bombasse dans meilleurpatissier muscle des âteaux meilleur programme monde 	positif
comment est trop mignon moutooooon meilleurpatissier	positif
burgerkingfr vous êtes magiques 	positif
vrai est mon super pote castaldi tpmp xfd 	positif
benoit koh arrêtes avec tes jesta jesta jesta 	negatif
kohlanta moi étesterais nargue racontant écompense comme ç 	negatif
bon alex veux sacrifier faire des alliances avec les rouges contre moi hum 	mixte
les rouges enchaînent les quenelles 	mixte
les rouges sont tellement bons stratèges prochain conseil benoit lever éteindre flambeau denis brogniart kohlanta	positif
top cette chorégraphie denitsaoff laurentmaistret sur stromaé xff 	positif
vraiment chiante caroline receveur être aussi fraîche croire elle é é conç sur iceberg xfd 	negatif
ils font exprè descendre caroreceveur pour donner inté ê à compet elle est dessus mais grave dals	mixte
faut sauver damidotvalerie votez pour vos é é é moi é érerais aucun eux aille 	positif
bien triste pour kamellemagicien que aime tant qui avait encore tant choses à proposer pensé à emmanuelleberne que aime dals	mixte
dals les éliminations week end une grosse blague 	negatif
quandyapastpmpje dis million français coucheront moins étin soir tpmp	negatif
suis triste arrê tpms pour les équipes parler mercredi dans tpmp vous kif ️	mixte
masochiste peux écrire à julie adp adp	negatif
nous manques kamellemagicien pas seulement pour ton talent magicien xfa 	positif
jeudi soir direct tpmprassrah avec cyrilhanouna plus motivé que jamais à vous faire rire vous serez avec nous tpmp 	positif
dites à votre agent bryan que est pas content peut toujours regarder les matchs lille personne oblige à regarder psg	negatif
teambastianie bastiengrimal est ç veut bastien est pas mouton suis bien content être team teambastien xfc 	positif
êtes content paske reprend jeudi mais attendant est week end 	positif
est parti meilleurpatissier xfb 	positif
érieux les jeux mots dans meilleurpatissier peux plus à 	negatif
hanounightshow content pas avoir canal é à regarde pas non plus vive quotidien xfe 	mixte
demaincestlescoursmais vrais est quand ê content retaper des élires classe tous faire chier prof victime 	positif
alors abonné canalplus content ton abonnement qui û bras pour regarder exclusivité hanounightshow signé bolloré	mixte
youpi rentré jsuis trop content 	positif
sortir son lit avec froid est pire une épreuve kohlanta	negatif
emilieamar content elle soit revenu dans friendstrip avec roblin wiild pumpkin xfc 	positif
whyirunlesabbesses parce que parfois ami vient courir avec toi à juste content 	positif
matin ù suis plutô content avoir entamé transition é é 	positif
mes amours pour tpmp talk â à vous benji passe bien hanounight presque bien pour crypté donc merci ️	positif
philippesollers suis è content que ï slimani ait goncourt est une écrivaine è crue è cruelle gallimard	autre
anniversaire jmmaireofficiel qui tombe soir jeanluclemoine les ïncidences magiques vie tpmpfamily tpmp	positif
devant replay meilleurpatissier lmp miiiammm 	positif