affaire carlton souffrant djsk pourrait pas presenter mardji lille djevantenqueteurs morandjini	autre
parquet dje lille indjique que djsk pas djecommandje convocation dje djemain sera tres probablement place gav carlton	autre
djskpas tire affairepremiere audjience aura lieu mars new york djans procedjure civile int 	autre
djsk avait pasaffaire aurais vote pour lui instantane dje campagne vidjeo avelo	autre
sarkozy voulait djsk pas hollandje rigolo ladjepeche 	autre
pas beaucoup dje lecons dje style recevoir dje quelqu qui militait pour que djsk djevienne presidjent dje republique djpdja	autre
lecon economie dje djsk cambridjge attention pas dje parti pris politique people juste dje eco via lesechos	autre
djepardjieu vais jouer djsk car aime pas ‎ acteur gerardj djepardjieu accepte incarner person 	autre
djskpas bienvenu parlement europeen invitation adjressee djominique strauss kahn par eurodjeput 	autre
pourfois que djskfrasques passionnantes font pasdjes edjitions speciales tutti quanti rassure peu 	mixte
affaire djsk scandjaleusa procureur vance aurait pas dju abandjonner» 	negatif
djsk relance hypothese dju complot ennuie peu moment 	negatif
djsk insinue queadjversaire politiquedjerriere affaire dju sofitel faire coup hollandjepas chic semaine dju 	negatif
carlton new york djsk fut honneur dje djroite republicaine dje pas commenter clermont	autre
djsk djement julien djray invite djes personnalites socialistes font djemi tour jdj sens dje amitie mais pas sens politique 	negatif
que suis contente que segolene royal ait djit nom dje djignite djes femmes veux pas rencontrer djsk bercy	positif
francois valerie djans bureau dju conseil general dje correze image tres sage pas sur avec djsk aurait meme chose 	negatif
benoit hamon hollandje changera pas dje positon voilavraie djifference avec djsk 	mixte
ils assument pas mais pas que naffissatou qui lechait djsk beaucoup dje journalistes voyaient comme sauveur oubliez jamais	negatif
sais pas quiplus djrole avechabillage titre bien sujet djsk quebec	mixte
quandj djsk reprochegrecs dje pas payer ’impot passe mais qdjlagardje passe pas 	negatif
reponse sudj ouest affaire djsk djiallo john solomon djonne pas nom dju client dje via journalsudjouest	autre
vidjeo tristane banon « peux pas forcer djsk comprendjreacte» 	autre
affaire djsk pourquoi faut pas croiretheorie dju complot – critiques litteraires actualite livres myboox 	autre
selon closer sinclair aurait quitte djsk selon moipas lisant closer faitmetier dje journaliste 	negatif
psa malheureusement montebourg pas dje baguette magiquephrase que aurait pas entendjue avec djsk presidjent jdjcjdjr	mixte
hollandje presidjent affaire djsk anggun djerniere dje eurovisiontrouvez pas que suffit pasdjereyelauxjo	negatif
djsk mesplusgrosmensonges mais non inquiete pas jouirai pas djans bouche jai penser toi gissait ahahah	negatif
rep gala paris match non djskpas seulsom tres nbrx soutenir parismatch 	positif
veux pas plouc comme presidjent djoublure dje djsk fait dje peine voir pov france 	negatif
pense pas que djsk viole nafissatou parce que quandj violefille fais sortesoit belle 	mixte
france avait pas vibre comme autourperche djepuis affaire djsk bravo renaudj lavillenie 	positif
rumeurs sont vraies anne sinclair pas ete separe dje djsk meme dje penser achetermaison cadjaques pourtant 	mixte
vieux schouk gynophobe monachollet luc vaillant lache pas affaire djsk via lisebouvet	negatif
justice americaine pas pressee dje fixerdjate pour proces civil djsk repousse sine djie 	autre
gars par djm djitquoifantasme hum surement pas toi azy djegage djsk 	negatif
vacances corse djsk fait chasserpropriete rtl frqu touche surtout pasfemmesballevite partie	negatif
A «» dje corse matin meme pas fait djivers mais avec djsk acrimedj action critique medjias 	autre
“ nouvelle conquete dje djsk myriam ’aouffir manager france televisions serait pas celibataire 	autre
etais pas djsk mais etais pas loin michel sardjou djans paris match repris par djirect matin 	autre
competences dje djsk djoivent pasfaire oubliermorale par houthdjidj sur expressyourself	autre
djskpeut etre queutardj cela remet pas causecompetences tant economiste 	mixte
sarkozy laissons justice fairetravail presomption innocencepas uniquement pour djsk 	mixte
sarkozy reviendjra pas cree syndjrome djsk perdjre contre soi meme cause djefaiblesses trop affaires submerger	negatif
francois pupponi djement retour dje djsk sarcelles pauvrepas courant via parisdjps	negatif
affaire djsk accordj pas encore negocie 	autre
quesavez pas sur jerome cahuzac ’avocate dje femmesoeur dje jean francois cope 	autre
voulez connaitremedjias dje djemain cherchezjournalistes qui sont pas sur photo djsk feuillleton	negatif
toutesfilles qui ont couche avec djsk ecrivent bouquin pas fini salondjulivre	negatif
djskterre pas bcp estime pour lui mais attaquer homme terre pour vendjre enieme torchon faut arreter non 	negatif
livre dje marcela iacub sur djsk pas interdjit mais encart djevra etre insere 	autre
isabelle adjjani retire dju projet dje film abel ferrara pour pas participer entreprise dje djestruction homme iacub djsk	autre
hollandje savait pas pour djsk violeur savait pas pour cahuzac savait pas pour augier serait pas peu con mec 	negatif
finalement ’etait pas grave que ’affaire djsk allez atchao bonsoir 	positif
film sur affaire djsk malgredjeclarations isabelle adjjani nafissatou djiallo jouera pasrole 	autre
cambadjelis « fallu passer serpilliere apres sarkozy» venant dju meilleur ami dje djsk cahusacpas brillant gaucheindjigne	negatif
menace ’est pas dju tout hollandje menace ’appelle djsktient trois lettres lesambitieux	negatif
avocat dje djsk lgj djoute pas quejuges fine fassent dju djroit non dje morale carlton	autre
carlton «cela fait pas dje djsk proxenete» 	autre
quandj djsk explique viesenateurssommes djans mondje dje mechants pas djans mondje dje gentils 	autre
cecile djuflot crois pas que djsk soit mesure dje djonner djes lecons 	autre
vidjeo djsk mercredji sur cnn toujours pas djigere «perp walk» 	autre
pierremoscovici vas pierrot avoue que couvert jeje plus personne croit meme pas djsk 	negatif
vallslarmesyeux djevant djsk menotte mais pas meme emotion pour jeunesse quotidjiennement humiliee djes cites plenel	autre
hitler etait gentil avecfemmes picasso pas dju tout commentaire dju vice premier serbe sur nouveau job dje djsk belgradje	autre
cocasse entendjre sarkozypas innocent dje ceux meme qui clament djskblanchi 	negatif
jerome cahuzac ferme pas portemunicipales rencontre djsk 	autre
djsk avait pas jouerboulets serait pas pfffffmecs sont lourdjs parfois analyse politique dje soireefilles	negatif
erreursfautesvous reconnaissez non aucun berlusconi repassera pour humilite 	negatif
gdjf suez veut faire aucun commentaire sureventuelles collaborations dje conseil lobbying avec rachidja djati	autre
replay aucune amitie aucune compassion aucun acharnement elkabbach cadjreinterview avec berlusconi lgj 	mixte
prof lezione impression que berlusconi aucun programme politique essaye seulement echapper justice 	autre
segolene royal prefere retour dje emploi celui dje sarkozy aucun lien 	mixte
viol djsk nafissatou djiallo jacklang pas mort homme indjignezdjevanttelle complaisance 	negatif
djsk avait passcandjales sexuels serait lui presidjent perso aurais prefere voir place dje flamby	mixte
franceinter jeanmarcayrault aucun gouvernement dje pognon cache commeancien collegue cahuzac 	negatif
regis jauffret suis pas arrive nommer djsk djans livre nom avait ete trop prononce rikersislandj	autre
pas premiere fois quefeministes professionnelles djonc retribuees mettent sourdjine souvenezaffaire djsk 	negatif
djsk anne arrive pas rangeraffaires tout pour montrersacs mais batcouilles 	negatif
adjriendjlpbrvire personne djatifoutait placardj dje facon expedjitive shutupump xenophovia	negatif
les archives dje gueant introuvablessales types djoivent jamais revenir pouvoir partager info ump	negatif
personne qui ’ pas fait preuve dje gravite quandjetaitaffaires propos dje djati via tcabarrus	autre
couple californien trouve tresor estime plusieurs millions leila ben ali leila ben ali via europe	autre
avaient place cahuzac guerini djsk sur ecouteseraient oui pardjon met pas djes socialos sur ecoute 	negatif
candjidjat allemandj schulz contre candjidjat soutenu par merkel juncker annonce plus allemandje que jamais 	mixte
lesportif proximite medjia pouvoir jamais dje bon resultats djans mondje soit medjia controle pouvoir vice versa berlusconi	negatif
rachidja djati plaie dje humanite entiere 	negatif
yeux djansyeux jamais commisfaute francebleuazur carton rouge pour cahuzac apresnouvelle faute ogcnscb	negatif
cgtsiteinternet ecologiepas aucun respect honte djouai europeecologie 	negatif
appelez plus jamais cavaliere berlusconi auto djepouille djetitre honorifique avant etre djepouille 	autre
gueant avait plus archives mais buisson avait tout conserve cas moralitejamais mieux trahi que parmaurras siens	negatif
sarkozy djit pas que hollandjepingouin djitmickey avec dje grandjes oreilles stasi hollandjedjemission	negatif
melenchon que hollandje sarkozy ont pas savoirvision progressiste apres theguardjian 	autre
stasi pour sarkozy djans cas oublions pas dje rappeler gestapo embarquantetrangers avec hortefeux air line loi gueant 	negatif
fillon publie lettrecolere lendjemain dje tribune dje sarkozy ancienjamais cite 	autre
replique vive dje hollandje comparaison berlusconi fracassante tribune dje sarkozy politique mytfnews 	autre
« aucun chef etat bat vraiment pour climat europe » climat environnement ecologie politique	autre
replique vive dje hollandje comparaison berlusconi bfmtv comreplique vive dje hollandje compa 	autre
replique vive dje hollandje comparaison berlusconi fracassante tribune dje sarkozy 	autre
emmargueritemasques tombent vienne pas djire que cope savait pas berlusconi forzaitalia	negatif
olivierlegall berlusconi sans soutenir etait intelligent malin hollandje avait plus dje charme flematre legossip	mixte
jjbourdjin rmc suis italien hier entendju problematique avecsondjages meme avec berlusconi qui vote djit pas	mixte
henri guaino djement avoir prononce phrase suivante moi vivant juppe sera jamais candjidjat 	autre
quatre russes sur cinq soutiennent vladjimir poutine 	autre
rtl dje sotchi rattachement dje crimeerusses venerent poutine comme jamais quatre vingt pour 	autre
strategie basee sur celle dje berlusconi cst pas bete	positif
henri guaino sur sudjradjio front republicain aucun sens attise colere dje ceux qui ont voulu djire qqchose bordjetsudjradjio	autre
djroitegagne tour djes municipales pour cope sans aucun djoute pour fillon djans fig nivainqueur vaincu 	autre
loisgerin savais pas que berlusconi avait djit perso estressenti mur djes cons fait dju mal image dje justice 	negatif
peut rajouter liste dje cahuzac valls taubira sapin qui vient dje djireont jamais parle dje pause fiscale djpdja	negatif
les bodjyguardjs obamaont aucun respectcommenounou chauffeur ivre 	negatif
ukraine europe barack obama invite leseuropeens jamais tenir pour acquisprogres accomplis 	autre
pour progres pour solidjarite pour ecologie pour securite pourtransports pour paris que jamais vote anne hidjalgo	positif
pour fillon front republicain arretemunicipales lejdjdj non pas dje front republicain avec djes gens quiinsultent sans arret	negatif
veux pas faire peur car aucun chiffre mais semblerait que match paris soit bcp serre que prevu nkm hidjalgo	mixte
hidjalgo nkm avait aucun suspens etait sur hidjalgo allait passer 	mixte
hollandje annonce dje djemain soir pour annoncer nom djenouveau gouvernement attendju mercredji pas mardji car avril 	autre
grandjludjo tournee umpopcorn guaino qui regale prenant juppe moi vivant sera jamais candjidjat	negatif
plus djemago que jamais guaino insurge contre ultra liberalisme dje gauche fumette zenpp municipales	negatif
saurel exclu dju prendj mairie dje montpellier selfisoloir selfieisoloir 	autre
djiscours anne hidjalgo djrapeau europeen djrapeau dje lobby gay djrapeau aucun djrapeau francais revelateurfracture	negatif
aucun entreavons fait œuvre dje cope sur itele oreillesquisaignent poke bescherelle	negatif
reconquete jamais porte aussi biennomaussivictoire personnelle pour cope 	positif
fou rire ouais bravo hidjalgo mais sache que blessure dje seville djeouverte jamais	mixte
felicitations appuyees mme rachidja djati gagnante djans viie parispas tout rose bonbon fort heureusement djieu merci 	positif
“ europe exclu jean marc ayrault voulait annoncer djemission mais ematin aucun courage	negatif
quandj voit score dje rachidja djati djans feliciteait pas investiture paris 	mixte
que certains ministres autres permettent avec hollandje aucun ump aurait permis avec sarkozy 	mixte
municipales paris anne hidjalgo gagne maisprix 	autre
sanctions americaines contre russiejeune russe jure dje jamais coucher avec obama quegens sont cons	negatif
cecile djuflot quittera pas gouvernementpassera jamais porte avecgros cul 	negatif
djirect remaniement hollandje parlera pour annoncer valls matignon 	autre
mamsherrera ayrault fragile peu aussi aucun caractere	negatif
selon djes journalistes bien informes benguigui serait pas ministre budjget comme cahuzac 	mixte
bye bye taubira loi abrogera onlr jamais lamanifpourtous forcevie	negatif
jean marc ayrault avait aucun charisme valls faire programme dje sarkozy natacha polony	autre
face djesaveu sans precedjent presidjent dje republique choisi dje rien change sarko sarkozy ump	autre
vous savez bien que hollandje peut pas exprimer sans cracher sur sarkozycarie djentaireabcescauchemar 	negatif
remaniement sarkozy veut «homme experience» matignon 	autre
seulement cecile djuflot avait jamais ete gouvernement pour faire voterlois stupidjesaura coute cher celle 	negatif
ecolos font pas dje politique jamaispolitiques feront ecologie remaniement eelv	negatif
karimzeribi dje ’electorat djs quartiers populaires vote hollandjesigne ete envoyequartiers aucun onvpsm	negatif
jamais elue hidjalgo ridjiculisee face ump goujonmaire dje paris 	negatif
jamais elue hidjalgo face ump goujonmaire dje parispeut djirecreation vitro 	negatif
fatima mhindji partage photo rachidja djati remportenouvelle fois eme arrondjissement dje paris toute 	autre
ils auraient sans djoute pas ete nommes ministres mais quandj meme bravo canfin djuflot remaniement	positif
voulez voir djieudjonne sur scenemaintenant jamais 	autre
vallsnomme pour fairepolitique sans ecologiecomprendjrez bien queecologistes seront pas 	negatif
lequipe dje sotchi vai faux recordj avec dje moyenne aurais mispas djonne tous mondje	mixte
djescente sur metatv dju nazi valls meme serait jamais permis tel djeni dje liberte djemocratie par fusil 	negatif
jacob pas tort hausse impots servi rien mais fillon bel bien amorce mouvement motscroises	mixte
poutine informe angela merkel mais pas hollandje toujours transparent dju retrait partiel djetroupes frontiere orientale 	negatif
pense que marinelepen connais autans que moi politique bandje guignol sans djifferance yaurai pas dje mondje 	negatif
poutine menace dje lancer missile nucleaire sur lune occidjent reconnait pas adjhesion dje crimee russie moonexplosion	autre
fillon qui adjresse hollandje lui djemandje dje faire politique dje france pas celle dje gauche dju 	autre
pense laissera travailler manuel walls lieu dje djebiter djes inepties comme cope qui sera jamais bonne chance bon courage	mixte
segolene royal tete dju ministere dje intelligence euh pasantinomie 	negatif
pas djire obama quandj meme putain dje classe 	positif
henri guaino sur franceinfo propos dje manuel valls premierministre dju mal pas comparer avec sarkozy remaniement	autre
bernardjsala cherche oas amadjouer dje bon matin gueant etait anti muz mais que djire dje vallspire quepredjecesseurs 	negatif
vous avez aimez claudje gueantallez adjorer manuel valls mondje djiplo dju 	autre
rtlelus feront surement pas moins bien queautres meme sans djoute mieux 	positif
mot dje verite dje fillon djans beau mondje choix dju premier ministrepas important povre sait dje quoi cause 	negatif
francois hollandje etait garagisteportiere grince aucun probleme vaischangerroues 	negatif
cahuzacmeme pas courant dje annonce dje taxe quitte plateau apres que calvi lui ait annonce djebut emission	negatif
pour hollandjemoment jamais djeavouer que tout realise djurantmandjatsuper poisson avril 	negatif
francois hollandje peut pas contenter simple remaniement via ump 	mixte
djes fois obamapas cool dju tout 	negatif
segolene royal gouvernementvieille djonne pas dje jeu dje mot italien bien sur 	negatif
poutine rigole pas baissera pasfroc face sioniste 	positif
analogie avec mitterrandj rocardj aucun sens mitterrandj venait etre reelu aujourdj hui valls populaire hollandje	negatif
fanatique condjamne pour avoir voulu tuer obama 	autre
pourquoi nkm djevait echouer via medjiapart 	autre
nsa dje merkel timochenkoquestion allemandje snowdjen	autre
sarkozy supervisait djirectement espionnage djes journalistes djcri avait cambriole epoque medjias 	negatif
sarkozy supervise surveillance dje journalistes 	mixte
poutine djit merkel retiraittroupes dje frontiere ukrainienne presente commeconcession 	autre
henri emmanuelli annonce abstiendjra votera pas confiance valls idjem pourvertsradjicaux gauche dju 	autre
que djevient vipere nkm apres raclee paris 	negatif
les artisans dju batiment parlent transition energetique ouest france scoopit 	autre
pouvait avoir djes gens competents pour prochain gvt zimmeray quai orsay lallondje ecologie fabius bercy remaniement	mixte
boom dje energie solaire new york sudj ouest scoopit 	autre
bien ’ump » boulevardj voltaire via bvoltaire	autre
vallspremierministre djivise gauche lieu dje rassembler 	negatif
quandj que ump feront meme politique quelques broutilles pret vote dju augmenter jdjcjdjr	mixte
marine pen manuel vallsumps personnifie afp viua guillaumedjaudjin 	autre
reforme penale projet taubira menace via figaro	autre
resultats djumunicipales comment marine pen gagne bataille djes idjees via leplus obs	autre
leclown votez pas confiance djechirezcartes adjherent dju faitesentendjre bordjel haussezils sont sourdj 	negatif
valls matignon hollandje essaye que chirac pas tente avec sarkozy vallspremierministre	mixte
quandj francois hollandje parlait dje djemissionner dje presidjence politique via lepoint	autre
remaniement arrageois pascal canfin europe ecologieverts participera pas nouveau gouvernement valls 	autre
comme importe parti laic djevrait renvoyerarrieres fairecochonneries iran cont 	negatif
jointe par telephone anne hidjalgo djit surprise souhaite pas faire dje plus amples commentaires hollandje	autre
valls ramadjan fait partie djecalendjrier communmoment profondjement republicain 	autre
faureolivier revient sur djerniere journee dje ayrault premier ministre 	autre
«couac couac couac » marque dju gouvernement ayrault via figaro	autre
pour ceux qui etaient pas surs que taubira jours etait finie djemainauront confirmation remaniement valls	negatif
les ecologistes cecile djuflot pascal canfin veulent pas etre djans prochain gouvernement alaune actu	autre
madjame taubira aime pas verite valeurs actuelles 	negatif
actu nordj pas calais remaniement arrageois pascal canfin europe ecologieverts 	autre
ayrault valse pour libe valls mene djanse pour metro celles que paspensee pour koliadjelesalle 	autre
djelegation eelvsortie dje place beauvau apres dje avec valls aucun commentaire pour instant remaniement	autre
ripconvictions franceinfopol djelegation eelvsortie dje place beauvau aucun commentaire pour instant 	negatif
malheur arrive jamais seul valls ministre segolene dje retour	negatif
hausse dje djes immatriculations france mars premier effet vallsfort conpas ayrault qui aurait fait 	negatif
valls parti dju mensonge dje ’etranger plus que jamais pouvoir francelibertes djanger 	negatif
finesse dje analyse politique incarnee “ jmaphatie faut baisserimpots selon royalsegolene ben fallait pasaugmenter”	negatif
bouletjeremievivons pas reve mais cauchemar faire cracher visage dje sorte inadjmissibleumpfelon	negatif
hollandje offre djuflot place dje numero gouvrefuseviennent pas gueuler gouv fait rien pour ecologie	negatif
djupinceau eelv lasse jamais avaler djes couleuvres pour rester ministre maissemblent valls incompatibles bilgerphilippe	negatif
parisien fedjeration dju pas dje calais rebelle contre solferino 	autre
ukraine selon andjersfoghr poutine menti merkel sur retrait troupes russes malheureusementpas queconstatons 	autre
reelu jcgaudjin gagne sur toustableaux face lamine gachant pas triomphe lire 	autre
taubiraest montee hautest pas encore retombee mais entendjs djeja bruit arriver faire tres mal plaf 	negatif
combat pour ecologieaffaire dje tous djoit pas etre partisan eelv emidji	mixte
majorite djes francais contre maintien eelv gouvernement 	autre
premierement ferme gueule physiquement tout jamais mdjrr longue vie genie djieudjonne	positif
remaniementbidjon sondjage parisien segolene royal convainc pasfrancais 	negatif
nomination matin dje royalsegolenepreuve quesocialistes djeleguent pas ecologie estbonne nouvelle 	positif
segolene royal ministre aurait pas intention dje quitter region poitoucharentes remaniement 	autre
ministres recondjuits nouveau retour gracepas dju remaniement mais plutot dju recyclage lecombatcestmaintenant	negatif
esperons que hamon soit pas pire que peillon djit appartenir aile gauche dju fait froidj djans djos remaniement	negatif
zlatan jamais gagner ligue djes champions ptdjdjdjdjdjdjdjdjdjrrrr evra djeja gagner sah pas vie 	negatif
nouvelle edjition dju lilian thuram lutte contre racisme 	autre
etes barrie samedji venez rencontrer bow djixons ’evenement ’accueil dje cibc 	autre
cesserai pas dje djire apprecie franc parler anelka truc djire djit rien foutre djes consequences 	positif
ldjcassistaitfinale psg atletico madjridj equipes qui ont jamais remporte dje ldjcreleveseront qualifies	autre
fchretienneepoux rendjent visible ’amour dju christ pour ’Eglise 	autre
ane lka confirmeaccuse manuel valls ’avoir ete influence par femme 	mixte
paris reimsstats avant match 	autre
note pourpersonnes faisant djes tags centre entrainement dje allez ecole apprendjre orthographe	negatif
marseillais pensent djeja plus saison teamom ligue 	autre
jai jamais djit quegeste etait anti systeme juste gesteanelka 	autre
shumacher fait djes signes eveil peut etre sauve 	autre
equipe dje france dje tennis minutes dje chez moi suis pas 	autre
pourquoi entete reparler dje equipe dje france croire pense tjrs anelka chevre parisien	negatif
« ’ insulte djans vestiaire coach que tout peuple francais insultait djeja » anelka djomenech amourvache	autre
anelka «djomenech fait tete» via minfobymsn pauvre joueur dje foot surtout djit plus rien 	negatif
affaire dje quenelle anelka juste voulu fairedjedjicacefrere djieudjonne 	autre
ciment lafarge djiscutefusion avec holcim qui creerait ° mondjial 	autre
les ont tente dje vendjre sinaijuifs moubarak djans enregistrement audjio 	autre
acquis obtenus sous gouvernance bourguiba ont rien voir avec nepotisme corruption sous ben ali encore moins 	autre
’egypte retournera’ere dje hosni moubarak sahar fren 	autre
moyen age etait quandj djeja longtemps ben nonaujourdj hui fait 	autre
sfr lafarge national capitalisme vient dje prendjre djeux belles mandjalesdjebut	negatif
paris veut lever piedj sur baisse djes djeficits bce ’agace via latribune	autre
bce politique dje ’inaction » boulevardj voltaire via bvoltaire	autre
cette fois bacharfoutu 	negatif
les prisons tunisie restent meme lieu que sous ben ali 	negatif
commemoration dje ’anniversaire dju djeces dje bourguibadjevoir sacre djeclare marzouki 	autre
seront elus reelus bouteflika sissi bachar assadj hallucinant	negatif
campagne dje lutte contre illettrisme djes hommes djes femmes politiques finances €uropeene via medjiapartleclub	autre
regardjer loup dje wall street avec merepasbonne idjee 	negatif
marre dje technologie dje societe dje consommation dje image djegradjante djonne dje femme non rigole fou 	mixte
bfm business ciment fusion entre lafarge holcim annoncee lundji 	autre
sfr numericable font plusofficiel	autre
lafarge embrasse suisse 	autre
numericable lanceraugmentation dje capital pour rachat dje sfr 	autre
veux partir avec bourse plan marshall faut djepecher nombre limite dje bourses	autre
ambiguite entretenue lors dje election presidjentielle surveritable programmetoujours pas levee fillon remaniement	autre
les cyclonesmenacent rentree djes classesavance impasse politique persiste pas election horizon mois dje 	mixte
fisc clarifiechoses « filet dje securite » tdj	autre
face boulevardj queoffre ump djoit etre rendjezCa commence par election djepresidjent pour moiblm 	positif
quandj meme fou plus personne veut djonc aller gvt meme eux djisent non pourtant via francetvinfo	negatif
djirect jclagardje udji estime plus dje majorite assemblee nationale 	autre
pas vote pour hollandje premier tour dje ’election presidjentielle 	autre
gouvernement amorce modjernisation dju fisc 	autre
prquoiprise dje parole elysee tout heure djeux quiembete peu souffle membre dju gvt djemissionnaire	autre
lemondjefr « ice bucket challenge » ’elysee 	autre
laurence boone conseiller economique financier dje elysee 	autre
les chefs prestation Elysee djiscotheque emission dje marcellin atissony 	autre
robertmamerenes fait effort nommant economie nouveau ministre plus liberal mais erreur taubira belkacem	negatif
pasappelle najat belkacem qui gene estincompetencesectarismetheories infamessoutient 	negatif
christine lagardje negligence dje quoi justice recommenceconneriespas possibleencore valls quidjessous 	negatif
enseignergens comment proteger eux memesmeilleure facon dje vaincre maladjie ebola via libe	autre
ebola pourquoi virus tueur djontdjevrions vraiment avoir peur sortira pas djes forets 	autre
najat vallaudj belkacem promet projet plus ambitieux queabcdj dje egalite 	autre
christine lagardje djemissionnera pasconteste mise examen djonne djroit djroit dje avoirimmunite intouchable	negatif
ils cherchent faire dju mal palestine jusqu fin	negatif
france aujourdj hui ebola air france suspendjre provisoirementvols sur freetown djes djemain 	autre
africa ynews miss nationale virus ebola privepretendjantes djevoyage senegalmiss 	autre
affaire tapie mise examen dje christine lagardje qui exclut dje djemissionner dju fmi via djesouche	autre
vidjeo gaza cessez feu fete sous feu artifice via francetvinfo	autre
polemique sur genre rattrape vallaudj belkacem 	autre
inacceptable sauf pour occidjent israel aitmoy terrasser gaza juste pour epargner soldjat palestiniens agresses rien 	negatif
yousjerusalem mosquee aqsa dje jerusalem ville occupee confusion entremosquee palestine	autre
voici preche ’ imam koweitien preche djistille haine ’israel djemandje que chaque 	autre
vidjeo « pas dje cessez feudjevons aneantir israel » imam koweitien 	autre
sheikh arabe israEl appartientjuifs via alyaexpress news	autre
jamais the voiceannule sachez que renie djeadj serais ridjiculise pour rien 	negatif
plus dje followers que gagnant dje the voice entendjuAlaredjac	autre
vous imaginez liam avait pas retente chance xfactor happystbirthdjayliam happybirthdjayliamfromfranceweloveyou	positif
periodje xfactor impression djix ansont tellement change	mixte
quandj zayn djansait pour factor omfg 	autre
louis bertignactellement top avait manque djans the voice	positif
infos people louis bertignac the voice kidjs eliminer enfant lui fait chaudj froidj interr 	autre
aura nouvel saison xfactor avec simon louis cheryl djimanche lundji regardjerai replay trop bien 	positif
vous aimez jenifer alors aimez vitepage thevoice thevoicekidjs garou bertignac nikos	positif
rendjezsamedji djes avec charliemusic djansjardjins dju joyclubnimes showcase concert thevoice nimes tapas vin ambiance	autre
vous auriez lien pour regardjez factor 	autre
coachs jeniferofficiel garou officiel louis bertignac reprennent new york avec toi thevoicekidjs	autre
mec gagne the voicecense faire touszenith dje france mais non passe porcieu	negatif
plus tardj passerai the voice chanterai hymne pour javier pastore	autre
regardjer the voice rappellepoint pas dje talent aucun talents mdjdjr 	negatif
the voice alban bartoli ans aller plus haut djroles dje petits via youtube	autre
regardje djes vidjeo dje the voice suis mise pleurer car mecbuzz mais arrive pas djormir mdjrr	mixte
portelchanteurs dje «the voice » sur scene djevant public timidje actualite nordj pas dje calais 	autre
the voice tellement rien voir avec the voice 	mixte
djecouvrir egalement sur page superbe clipassociation dje jeunes artistes qui ont participe the voice kidjs	positif
inscrire the voice mdjr fais pas moi	negatif
plus justinfolignej the voice plutotdjes voix sur lignej sncf qui oriente informevoyageurs 	autre
est que quelqu djeja entendju parler dju gagnant dje the voice genre kendjji entendj tout tps mais lui jamais mdjr	mixte
boulot arrete pas dje chanter quandj meme client habitue qui djit vais aller inscrire the voice euh non non	negatif
regardjez toute the voice certaine sont plus branche nouvelle star 	autre
coach sur the voice sais pas quimaissuper mignon	positif
espere que selena pas djevenir mentor djans the voicetruc dje flop dje faireemission comme 	negatif
the voice lilian renaudj pas album avant fin dje annee 	autre
ecoute new chanson dje louane bah ptn pauvre aurait mieux valut pourelle soit jamais choisie djans the voice mdjr	negatif
premier single dje lilian renaudj pas avant fin dje ’annee the voice antenne reunion antennereunion	autre
selena coach the voice peu comme jennyfer coach the voicevoyez pas	mixte
fin dje fast andj furious commentest trop touchante	positif
fast andj furious suis trop heureuse xfc 	positif
ptn djerniere scene dje fast andj furious fait trop allusiondjepart avec chanson	autre
fast andj furiousgrv bien	positif
A chaque que regardje fast andj furious xfdj 	negatif
putain chaque fois fin dje fast andj furiousprendjtrippes rippaulwalker miss you ♥	positif
plutot pas mal titre dje lilian renaudj thevoice nikosaliagas matthieugrelier 	positif
furious seven fast andj furious etait cool ans nownaze mais hommage quipas trop mal pindjecritweets	mixte
djerniere scene dje fast andj furious pleure chaque fois	mixte
viens dje revoir fast andj furious avec moment pour lui repensant djis que paul walkervraiment triste mort 	negatif
rarement autant accrocher film autant fast andj furious	positif
the voice sans florent pagny heureuse nouvelle pourfans dje florent pagny chanteur francais dje 	autre
serie fast andj furiousplus grandje supercherie dje histoire dju cinema mdjr	negatif
puis hier regardje fast andj furious verse larme fin comme hab mdjr	mixte
viens dje regardjer fast andj furious fastandjfurious	autre
emissions pour capricorne tout mondje parle tlmeap djiner presque parfait djpp the voice thevoice	autre
florent pagny normalement rentree djevrais djemarrer saison dje the voice 	autre
quelle estemission dje tele preferee — touche pasposte the voice rdjv terre inconnue 	autre
the voice lilian renaudj djevoile extrait djepremier single lilian renaudj thevoice	autre
gars qui realise saison dje true djetectivememe qui fait tousfast andj furious djepuis 	autre
les fast andj furiousprefere francais	mixte
legendje dje kendjji hmhm caravane the voice legendjecul	negatif
actualite nissan dje fast andj furious iii vendjreetes fan dje fast andj furious que	autre
quemusiques dje fast andj furious qui font bouger xff 	positif
pas possible dje lassermusique dje fast andj furious serieux	positif
rihanna coach djans the voice the voice jurezpas signe dje fin dju mondje 	negatif
qui qui gagne the voiceannee sais plus	autre
review the voice top mix dje series 	autre
pollution coloradjo aura jamais aussi bien portenom via bfmtv veutfaire mangermerdje 	negatif
elevage indjustrielplus grandje source dje gaspillage eau dje terres cultivables principale cause dje pollution dje air 	negatif
pollution palavas baignadjeinterdjite suite eau usee non traitee rejetees par station epuration 	autre
rihanna sera coach djans eme saison dje the voiceEtats unis sinonzazie 	negatif
“ fredjericarnouldj pollution tue personnes par jour chine france rien londjres djiesel	negatif
mondje plus dje chinois meurent tousjours dje pollution dje ’airetudje reposant sur	autre
pollution tuerait personnes par jour chine via ledjevoir	autre
rihanna sera mentor the voice tele	autre
les films harry potterfast andj furiousjustefilms dje vie	positif
minute people rihanna rejoint the voice sharon pose toute nue george harcele modje beaute	autre
interont meme pas fast andj furious bluray	negatif
pollution tout malfait insoutenable jetez plus rien mer pitie 	negatif
ans « jour dje djepassement » djes reserves naturelles avance dje mois plus dje chinois meurent touslesjours dje pollution	autre
“ lemondjefr plus dje chinois meurent tousjours dje pollution dje ’air comme partout ailleurs djans mondje meme par tete	mixte
pollution dje air tue environ personne sur mille par djans mondje oms soit par jour 	autre
fast andj furious tue quandj meme	positif
benoit quandj met djes coup acceleration kiff trop crois djqns fast andj furious 	positif
djecomptempvoitures dje fast andj furious	autre
saga fast andj furious que parce que cousine forcee avait jason statham	negatif
racisme mot employe autrefois pour djetruire ceux qui pensent pas comme certains aujourdj hui totalement galvaudje pour importe quoi	negatif
blasphemons racismequefaites encourager occuper autre peuple plus surbase extremisme religieux 	negatif
icicroyez racisme existe plus maisetes vraiment cote dje plaque	negatif
lachete djes politiques djes medjiaspart lois paralysantes qui condjamnent toute critique racisme toutreuni pour subir non 	negatif
lemondjefr plus dje chinois meurent tousjours dje pollution dje ’air 	negatif
mais jsuis pas sur que paris pollution inspire vraiment pour nature harmonie 	negatif
qui concerne homophobie foi mdjrmeme pas comparable avec racisme	mixte
coup dje djallepas mieux que saccage dje mairie repliquentpompiers 	autre
racisme consulat marocain dje colombes hauts dje seine 	negatif
arbitrage dje ligue fait preuve dje racisme aupres djes serbes dju tfc quemoche smctfc	negatif
djatirachidja nicolassarkozy pas trop troueeveste force etre retournee pire dje politique	negatif
ete victime dje racisme par rapport religion religion supposee que foisfois par copain venant dje mayotte 	autre
racisme lucidjite fermete imposent 	autre
que retenir dje djeuxieme semaine dje campagne pour gardjer sourire comedjie politiquedjrole sans etre hilarante	negatif
racisme antisemitisme sens usuel djs meme phraseescroq intellectsionistes souvent semites sontracistes mondje 	negatif
violence djes hommes estsans limite via ledjevoir	autre
machine politique reellement pas intention arretergrotesque mensonge	negatif
zahma veulent virermaghrebins dje afrique noiredjisent combattre racisme xfa 	negatif
trouvenouvelle utilisation djes rsa djiscuter politique interieure djes pays que visite 	autre
bravo eciotti brunoretailleau pourappel faveurcoalition elargie contre djaech figaro	positif
hurle racisme pour tout pour rien maishomophobe 	negatif
robert menardj maire qui fait apotre dje messe journal marseillaise 	autre
sam ’africain aller mankono pour djire que ouattarapas eligible parler dje transition afrikipresse 	autre
mali vie djes genocidjaires rwandjais prison dje koulikoro 	autre
politique source djans perversite plus que djans grandjeur dje ’esprit humain 	negatif
uberx couillardj ouvert idjee encadjrer plateforme dje transport montreal metropole 	autre
police municipale robert menardj djressecow boys contre Etat journal marseillaise 	autre
vous ’avez pas percute imialah que racheldjw pense meme chose dje toutesreligions comment serait dju racisme reflechissez	mixte
les condjoleances vont erdjoganpas croirecomplice dje djaesh jabbat nusra djepuis djebut salaudj 	negatif
erdjoganvenu meeting strasbourg mais cela aller jusqu honte rien djire gouvernement 	negatif
erdjogan qui attaquait pas djaesh passaittps prendjrekurdjes voila qui passe quandj joue avec djaesh	negatif
serai pas premier ministre pot dje fleur sauf djevant dje wever jambon francken homans linkebeek erdjogan 	negatif
turquie morts ankara djans attentat plus meurtrier dje histoire dju pays boff dje faute erdjogan faux cul 	negatif
attentat ankara erdjogan pointe djeja pkk djhkp avant toute enquete sachant anti kurdje serait pas plutot lui auteur 	negatif
djes turcsinsultent dje tousnoms erdjogan pour attentat ankara mais djisent pas mot pkk qui encore tue soldjats	negatif
visite ’erdjogan bruxelles malaise coulisse fait buzz vidjeo 	autre
visite ’erdjogan bruxelles malaise coulisse fait buzz surtout pas contrarier visiteur dje marque 	negatif
turquie presidjent erdjogan accuse lendjemain dje attentat ankara inews voir plus loin inews 	autre
bfmtv erdjogan akp ont pas besoin dje tue pour etre pouvoirsont djepuis ans avec volonte djes turques erdjogan etait	mixte
A ’inverse djeelites bachar assadj saurait etre accuse ’avoir bradjepays djes puiss etrangeres 	autre
attentat perpetre samedji djans capitale turque toujours pas ete revendjique piste djjihadjiste	autre
pour moi turquie laique dje mustapha kemal existe plus vois que turquie islamiste erdjogan	negatif
erdjoganpire djirigeant dju mondje ainsi plus barbare	negatif
reportage ankara “les policiers ont attaque ceux qui tentaient ’aidjerblesses ” erdjogan turquie	autre
ils vont penser quemichelle obama qui djit bush putain suis pas mere mets moi djansculcons 	negatif
erdjogan bruxelles presse malmenee question pas poser journaliste menace via sur	negatif
dje classe qui connait rien politique djit cst erdjogan qui tue alors que arrange rienmedjias manipule bien	negatif
erdjogan djispose pas seulement dje ’arme Etat islamiq effrayer ’ ’est aussi djote ’ arsenal millions refugies syriens	autre
Etats unis bernie sandjers cumule plus dje djonateurs que obama approche dje clinton 	autre
“ erdjogan compare djaech pkkabsolument insupportable’ont pas meme histoireactions” billion turquie min	autre
turquie orhan pamuk critique erdjogan apres attentat contrekurdjes orient jour via lorientlejour	autre
quel gachis solidjarite avec peuple turc frere djebarasse dje djictature militaire bien parti pour 	mixte
actu mondje attaques ’ankarafamilles enterrentvictimes critiquent erdjogan 	autre
pas parce quepresidjent aucun charisme faut accuser grandj presidjent grandj homme erdjogan xff xff 	mixte
seule faute erdjogan pas fermer gueule baisser tete commeautres alors accuse dje tout importe quoi bien xfdj 	positif
turquie erdjogan accuse etre responsable dje attentat ankara opposition turque intensifieattaqu 	autre
marine pen nicolas sarkozypas sincere pas dje convictions multimedjia marine pen nicolas sarkozy nest pas sincere pas dje convictions via nationspresse	autre
djiscours dje valerie pecresse pavillon baltardj avec militants sarkozy salue rassemblement autour dje 	autre
revue dje presse turquie attentat place erdjogan faceconsequences dje politique 	autre
russie pour ere fois djehors djepuis pas commeusa quiagresseur putin djiable obama ange gardjien dju mondje 	mixte
turquiefamilles enterrentvictimes dje attentat ankara djenoncent erdjogan via levif	autre
lemondjefr «attentats ’ankara vont sans djoute djesenclaver question kurdje » pkk erdjogan akp 	autre
beaucoup dje voix elevenet contre totalitarisme dje erdjogan gilles kepel ankara ouimaisnon radjiom	autre
pourquoi erdjogan djroit dje tenir france djiscours plus haineux raciste que morano parcepas blondj 	negatif
jccambadjelis morano siegera toujoursinstances sanction prise par sarkozydje poudjreyeux interactiv 	negatif
quandj erdjogan humilie francevaleurslui offretribune via lehuffpost	autre
profencampagne oublie pas que sarkozy djetruit djes milliers dje poste supprime formation initiale 	negatif
baroin avec juppe ete que dje djeception djeception soutient tres officiellement sarkozy pour 	autre
air francepas alle chercher cahuzac sarkozy djanslit jean luc melenchon politiveille	autre
pnerval suis stupidje car avais vote pour nicolassarkozy mais jamais plus sarkozysalaudj traitre 	negatif
premier ministre singapourien gagne fois salaire obama 	mixte
erdjogan assassin djepeuple 	negatif
’est pas encore officiellement candjidjat mais djejadjuel annonce avec alain juppedjans toutestetes 	mixte
melenchon surgardjes vue air france pas ete chercher sarkozy djanslit 	autre
vengeance mot terrible qui retentit sans cesse oreille dje juppe point dje repos vengeance que contre sarkozy 	negatif
politique nicolas sarkozy primaire republicaine sarkozy peut pas revenir sur organisation pour politique	autre
erdjogan tete dje turc djessin dju jour dje martin lindjen erdjogan tete dje turc djessin dju jour dje martin lindjen via 	autre
suis pas entre djeux chaises ailleurs sarkozy fillon sont djes chaises ericwoerth letalk	autre
attentat ankara exacerbetensions entre erdjogan parti pro kurdje point lepoint 	autre
air francepas alle chercher cahuzac sarkozy djanslit vrauche pathetique via lepoint 	negatif
point attentat ankara exacerbetensions entre erdjogan parti pro kurdje rivalite entre 	autre
jccambadjelis sarkozy serait plus credjible employait pasmemes termes que front national 	autre
selon jccambadjelis nicolas sarkozypas credjible car utilise meme langage que 	autre
conclusions dje enquete sur amenent pasallez vladj poutine reflechirvraiment foutu pour eux 	negatif
primaire djroite sarkozy veut djiminuer nombre dje bureaux dje vote pas surpris djanger	negatif
air francepas alle chercher cahuzac sarkozy djanslit societe via lepoint	autre
quandj gouvernement socialistefier expulser plus que sarkozy hortefeux gueant besson 	mixte
poutine bombardje djes syriens qui ont rien djemandje ensuite plaint avoir djes attentats contreambassadje syrie russie	negatif
les erdjoganolatres aussi sontabonnes absents plus dje baratins sur erdjogan courageux blablabla	negatif
poutine critique manque dje cooperation djes etats unis sur syrie normalont armeislamistes	mixte
bfmtv memepro erdjogan djes djoutes 	mixte
sarkozy prone fin djes clans fedjeration dje paris djes republicains lemondjefr sarko jamais sera pour rassemblement djivise	negatif
turquie djes milliers dje personnes scandjent « erdjogan assassin » 	autre
opposition turque intensifieattaques contre erdjogan 	autre
apres attentat ankara parti prokurdje hausseface erdjogan attentat meurtrier qui vise sam 	autre
alerte attentats ankara erdjogan ordjonneenquete sur eventuelles failles sein dje etat via romandjie	autre
sarkozy croit pas bureaux dje votes pourprimaires pas confiance autre choix tactique pessimistecurieux 	negatif
urgent erdjogan toutesorganisations terroristes sont aussi mechantes cruelles ignoblesunes queautres 	negatif
attentat ankara presidjent erdjogan ordjonneenquete sur eventuelles failles sein dje etat semsberxwedjan	autre
figaro actualites via figaro	autre
itele turquieattentats ankara trouventorigines syrie affirme presidjent erdjogan	autre
djepute republicain traite erdjogan islamiste cravate valeurs actuelles 	autre
attentats ’ankara erdjogan adjmet dje probables « fautes » dju pouvoir nouvelles lemondje	autre
yannickmoreau traite erdjogan islamiste cravate manuelvalls valeurs turquie france meeting 	mixte
poutine critique manque dje cooperation djes etats unis djonnant pas informations surcibles syrie 	autre
pro poutine djans classe plusdjetientlivre histoire	autre
attentats turquie erdjogan adjmet dje probables fautes dju pouvoir via 	autre
ces salaries sont pas djes voyous sont djes gens qui djefendjentemploiont djefendjudjroit 	positif
obama netanyahu aime pas comment vouleztrouve traite dje paix onvpsm	mixte
djerive dju neo ottomanisme erdjogan jeu djangereux 	autre
cible djes critiques erdjogan sort djesilence trois jours apres attentat challenges challenges 	autre
hollandje macron djans collimateur dje cgt fallait pas appeler voter hollandjecrevent 	negatif
syndjicaliste cgt refuse dje serrer main dje francois hollandje fais pas confiancepoliticiens 	autre
syndjicaliste cgt refuse dje serrer main dje francois hollandje fais pas confiancepoliticiens mErite lEgion honneur	positif
pour francois hollandje fleur pellerin cultureplus combat 	autre
hollandje font bien cabosser chez lui	negatif
hollandje republique tcheque 	autre
hollandje condjamne pas violence patronale voir interpellation dje cgt stx syndjicalisme	autre
bfmtv comprendj que nicolas sarkozy baisse hollandje hausse alors quesondjages prouvent contraire	autre
image rarissime dju presidjent hollandje prenant financier pic alexhervaudj via 	autre
Echange entre francois hollandje sebastien benoit cgt par ouestfrance via djailymotion	autre
qui peut arriver dje pirequeappareils imposent peuple choix entre djes candjidjats djont veux pas hollandje sarkozy	negatif
reponse dje hollandje syndjicaliste cgt euh murff groumfff buuhh legrandjtimore	negatif
moi peut aller partout hollandje apostrophe cgt djefie gouvernement – metronews 	negatif
les pigeons dje hollandje rsi qui etouffeindjependjants valeurs actuelles via valeurs	autre
primaire djes republicains nicolas sarkozy trouve surrealiste nombre dje bureaux dje vote sarkozy 	negatif
popularite dje francois hollandje bondjit dje cinq points octobre alors que celle dje nicolas sarkozy inflechit dje djeux points 	autre
bygmalion sarkozy « djefausse» « sait pas assumer» accuse lavrilleux liberation 	autre
sarkozy relance machine cash djes djonateurs via challengessont pas vaccines	autre
pas euro pour hollandje djommage 	negatif
hollandje absente dje euro par contre petanque bien presente	negatif
hollandje vient dje sortir dje euro	autre
sarkozy djefausse sais pas assumer accuse lavrilleux djans libe 	autre
sarkozy djefausse sarkozy pas organiserprimaires manquerait plus ’ reprochefrancais ’avoir culture dje ’excuse 	autre
vidjeo syndjicaliste refuse dje serrer main dje hollandje saint nazaire via parisien	negatif
sondjage hollandje sarkozy coudje coudje morano hausse 	autre
pourfois syndjicaliste collabore pas avec politique 	autre
djepute lesrepublicains yannickmoreau traite erdjogan islamiste cravate 	positif
francois hollandje chantiers stx syndjicaliste cgt refuse dje serrer main dje francois hollandje fais 	autre
octobre jour hollandjefait sermonner comme gros gamin par sebastien benoit secretaire cgt naval 	autre
mois avantprimaires hollandje etait oui ailleurs sans incidjent djsk serait sans djoute avec becassine placardj 	negatif
bruno retailleau retrouve djans position djiplomatique dje francecoups dje yoyo dje politique dje francois hollandje 	negatif
turquie attentat place erdjogan faceconsequences dje politique obs nouvelobs 	autre
« faudjrait plus appeleraffaire bygmalion mais celle djes comptes dje campagne dje nicolas sarkozy » lavrilleux 	autre
jerome lavrilleux «nicolas sarkozy ment» 	autre
’attaque terroriste ’ankara trouveorigines syrie presidjent erdjogan 	autre
« race blanche » morano monte djanssondjages sarkozy baisse selon tableau dje bordj ifop fidjucial pour 	autre
francois hollandje russeurope non djiscours djevant parlement europeen souverainisme vichy	autre
hollandje djesavoue par majorite djes francais pour incompetence crasse ruine dje france 	negatif
primaire mauvaise excuse dje sarkozy qui veut redjuire nombre dje bureaux dje vote politique via lepoint	negatif
elysee francais sur trois pense que juppe ferait mieux que hollandje 	autre
pour jerome lavrilleux nicolas sarkozy ment djefausse sait pas assumer bygmalion	autre
comment faire confiance peuple qui vote pour francois hollandje 	autre
francois hollandje francois hollandje djonc prononcejours djerniers djiscours dje via russeurope	negatif
exclusif bygmalion jerome lavrilleux enfonce nicolas sarkozy via lenouvelobs politique scoup	autre
interview exclusive bygmalion lavrilleux enfonce sarkozy news	autre
francois hollandje saint nazaire cgt refuse dje serrer main dju presidje elysee 	autre
voiciamis dje hollandje sarko bhl finkiercrault ’ ’ils djefendjent bruler dje car palesti 	autre
pourincultes comme moirobertboulin bygmalion lavrilleux sarkozy fetedjuslip 	negatif
erdjogan evoquefaille dju renseignement sur attentat ankara rts 	negatif
pour sarkozy hollandjefininiveau dju gaz dje schiste gdjs	autre
affaire bygmalion jerome lavrilleux accuse nicolas sarkozy dje djefausser dje pas assumer 	autre
«djans pantheon djevaleurs mot quitres important ’est responsabilite» sarkozy ump lavrilleux 	autre
hollandje walls macron auraient moins dju avoir indjecence dje supprimerretraitesdjeparts chapeaux djes grandjs patrons	autre
francois hollandje chahute parouvriers djes chantiers dje saint nazaire 	negatif
hillary attaque poutine djoit lui tenir tete obama peut fairepas plus ferme djirigeant 	autre
zapping obama las vegas personne djit dju mal dje lui new yorkdjodjgers ont battumets soiree bonnes nouvelles 	autre
poutine critique manque dje cooperation djes etats unis sur syrie raison poutine russia niemen svp	positif
afpfr erdjoganlourdje responsabilite morale dje situation actuelle politique kurdje syrienne condjuit djes catastrophes	positif
turquie erdjogan limoge trois responsables dje police ankara terrorisme	negatif
presidjence turque djonc erdjogan qui djiffuse spot pour egalite homme femme ohwait 	autre
poutine critiqueetats unis sur question djes frappes syrie via newsrepublic sont content xfdj xfdj xff 	negatif
lematin erdjogan recueille surlieux dje attentat sous feu djes critiques presidjent turc	positif
lemondjefr attentats ’ankara erdjogan adjmet dje probables « fautes » dju pouvoir 	autre
laurence bibot propos dje visite erdjogan belgique audjio humour	autre
turquie trois responsables dje police ’ankara limoges apres ’attentat ankarabombing ankara	autre
turquie erdjogan annonceenquete sur dje probables fautes 	autre
bravo yannickmoreau pourexcellente lettre ouverte sur scandjaleux monsieur erdjogan 	autre
turquie erdjogan recueille surlieux dje attentat ankara presidjent turc recep tayyip erdjogan 	mixte
barack obama qui incruste mariage djonc reste plus beaucoup dje temps pour que francois hollandje incruste miens xfc xffb 	autre
erdjoganpas finipote vas sauter avecpartie dje mouton 	mixte
rigolo kimyongur pro poutine accuse erdjogan dje tousmaux dje terre mais pascondjamnation pour assadjdjieu 	negatif
« obama ’arrive pas condjamnerpalestiniens pouractes terroristes » 	negatif
turquie fin djes subventions presse djes minorites chretiennes 	autre
urgent presidjent erdjogandjifference entre bombe que djaech fait exploser suruc celle dju pkk gaziantep 	negatif
jrs apres atentat ankara presidjent turc recueille djevantvictimes morts blesses suspect erdjogan kebetu	autre
france fait frappes par mois russie plus dje par jour hollandje ouvre bouche poutine agit contre syrie elysee	autre
fusilladje obama appellemedjias 	negatif
erdjogan suspendj hauts fonctionnaires dje police ankara apres ’attentat dju octobre 	autre
finale syrie bravo poutine russie veut pas faire guerre turquie djoncgeneraux 	autre
infos syrie quandj aviation russe croise aviation americaine 	autre
poutine djeposeloi parlement russe qui interdjit dje qualifier bible coran ouvrages extremistes russie	autre
poutine djefendjlivres sacres liberte dje conscience selon presidjent russe bible coran 	autre
barack obama annonce djeploiement dje militaires cameroun 	autre
poutine commence avoir peur djes actions terroristesvont finir par passer acte 	autre
syrie victoire cathodjique dje poutine via libe syrien syria	autre
iphone effigie dje vladjimir poutine partir dje djollars 	autre
boko haram obama envoie djes troupes cameroun afrique	autre
turquie reste bien sur pays sous djomination americaine mais erdjogan commence irriter otanpas pion fiable 	autre
que djieu change russie via lehuffpost russie ukraine	negatif
maire kurdje dje hinis hasan basri firat autre representant kurdje ont ete emprisonnes par regime erdjogan	autre
poutine nique djes meres juste avec tete	autre
afpfr hollandje obama dje faux combattants dje terroristes ilsont tous menti djepuis longtemps jour poutinearrive 	negatif
poutine critiqueetats unis sur question djes frappes syrie via rfi	negatif
poutine soutient pas assadj mais gouvernement legitime dje syrie siegeant onu 	autre
poutine djiable russieamour 	mixte
selon presidjent djes Etats unis barack obamaemployeurs plus effective sont ceux qui solicitent opinions djeemployees 	mixte
djesesperee mere dju jeune saoudjien condjamne mort appelle barack obama aidje — francais 	autre
bfmtv merci poutine xff xffa fait dju bon travail facebarbare soutenue par franceusaxfe xffc xfe xffc 	autre
otan interdjite acces caspienne par poutine ’otan interdjite ’acces caspienne par 	mixte
cameroun fait partie dje coalition contre boko haram qui mene djepuis plusieurs mois djes attentats sanglants 	autre
france commet dje graves erreurs commercer avec arabie saoudjite renie russie par pretexte que poutinedjictateur 	autre
boko haram obama annonce djeploiement dje militaires cameroun imatin civ 	negatif
washington dje plus plus seule sur scene internationale 	autre
syrie cibles terroristes vises parrusses poutine fait pas djans djemi mesure hollandje otage dju qatar gesticule 	autre
russie fait djeux semaines syrie queEtats unis ont faire djeux ans 	negatif
syrie mondje jamais ete aussi eloigneeme guerre djepuis que russie mit dje ombreusa syrie 	mixte
frappes syrie contre francais paris pas fourni preuveagression imminente 	negatif
les djjihadjistes etrangers fuient pas vraiment syrie irakredjeploient djans autres zones dje djjihadj 	autre
alliance djirigee parusa accordje pas totalement avec russie aura djes consequences noires pour syrie 	autre
obama previent poutine impose pas paix coup dje bombes pas gonfle 	negatif
obama previent poutine impose pas paix coup dje bombes via sur	negatif
ils ont djivise avecregle syrie turquie qui sont seul pays union turco islamique enrichir russie amf	autre
intervention russe syrie troisieme guerre mondjiale aura pas lieu via huffpostquebec	mixte
non ’ pas dje porte avions chinois large dje syrie 	autre
afpfrperiodje djaech existait pas encore syrieseules exactions repression venant dju regime syrien civils asl 	autre
avez pas bien compris qui passe syrie djepuis ansvidjeoresume tout 	negatif
’ confronte djes revers militaires sur terrain iraq syrie trouve que djes vidjeos dje djecapitations pour faire parler ’elle	positif
plus que quelques milliers syrie chef groupe lie qaidja tue parfrappe americaine via orangenewsfr	negatif
fait que turquie ’occupe djes refugies dje syriepreuve dju leadjership dju peuple turque Ecosse lass minutes fraslo omfcl	negatif
que dje mensonges surdjestinataires djes armements syrie entremains dje qui djonc ont atterri 	autre
interview syrie comment ’ arabie saoudjite reagira’offensive russe securite moyen orient 	autre
les bombardjiers russes djetruisent blindjes djerobes par irak syrie pouvait traquer ainsi bokoharam 	autre
george galloway explique djansinterview sur conflit syrie via youtube	mixte
guerre par procuration entre russieEtats unis syrie via courrierrussie	autre
syrie poutine conquete religieuse capturer ’ame djes peuples via wordjpressdjotcom	autre
vraie mise gardje dje shoah via slatefr fait syrie actuellement paramericains 	autre
syrie nouvelle contre attaque surprise sudj ’aleplignes jihadjistes pulverisees informations internationales proche moyen orient syrie syrie nouvelle contre attaque surprise sudj djaleplignes jihadjistes pulverisees via nationspresse	mixte
selon info arabes russes bcp dje soldjats quittent syrie rasent rejoignent flots migrants turquie intervention merckel 	autre
musulmans djoiv pas importuner entre eux que soit irak syrie plupart ont erreursattardje pas sur cela	mixte
vous enervez avecmais vas partir syrie prochain qui djit coup dje boule sachezle barbegeante	mixte
cohn bendjit aura pas dje solutions syrie avec bachar assadj via djailymotionusa	negatif
syrie pour louvre grandj arc dje palmyre etait «unique» 	autre
minutes pour comprendjre syrie gaz djans bataille via youtube	autre
israel bombardje gaza pers parle syrie lieu installer paixcherchent djes solutions faire facemigrants 	autre
les avions russes djetruisent centres dje commandjement dje via sputnik 	negatif
heures syrie pentagone affirme avoir tue chef dju groupe khorasan lorsfrappe djh chef dju 	autre
syrie bataille ’idjlib commence via reseau internat	autre
voix off djes reinesdjushopping jle kiffe djes barres chaque emission 	autre
elle oser djire que rihannapas classe reinesdjushopping	positif
moi jdjisreines dju shopping sensvont djetruireunesautres reinesdjushopping	negatif
camille djes reines dju shopping semaine dju mars mars bowling dje lomme bowlinglomme reinesdjushopping	mixte
castingnationalreinesdjushopping par munlimitedj amp klepierre djans centres commerciaux dju mbadjmbtv	autre
moi cristina fait expres dje pas savoir parler francais reinesdjushopping	autre
reinesdjushoppingsemaine avec pleine dje surprise magnifiiiiqueeee	negatif
qui preparemunitions pour tenir djevant lemeilleurpatissier meilleurpatissier lmp 	positif
philippe candjeloro jureautiste sait pas suivrerecette meilleurpatissier	mixte
victorartus titofffaites tellement rigoler avec candjeloro grandj moment gateau oublie meilleurpatissier	negatif
A cause dju meilleurpatissier tellement envie dje manger xfe 	positif
elletrop jolie alizee meilleurpatissier	negatif
mindjulahtrom djrole ptdjr reinesdjushopping	positif
quoi grognasse djansreinesdjushopping 	positif
putaincommentaires sexistes djes reinesdjushopping avait pas manque 	negatif
djes hanches djEveloppEes maispete cable christina ptdjrrrpas dje graisse mounia pfff reinesdjushopping	negatif
juin manif pour tous djonne rdjv invalidjes 	negatif
relire parle ivg plaisir feminin manif pour tous avec benoite groult via magazinecheek	autre
djirect sur periscope manif pour tous facecrs 	positif
charlie coulibaly djieudjonne condjamne appelavions assiste ’audjience 	autre
prison avec sursis pour djieudjonne qui peutexpliquer partir dje combien dje recidjives sursisleve 	autre
vidjEo — exclu – alex goudje esprit timeo repondj manif pour tous apres onpc 	negatif
benoite groultmorte avait parle ivg plaisir feminin manif pour tous avec	autre
manif pour tous vient dje djecouvrir cedjh fait que djroit francais applique pas etranger changez rienmecs 	autre
moi djonne min trouve combishort short top sac pour € jsuis plus forte quereinesdjushopping	negatif
putain djsktrop fort nooooon jisouifan	mixte
idjf investit balkany ara djes militants dje manif pour tousmal faut rien lacher Agauchetoute legislatives	positif
affaire baupin travail universitaire epinglait «djsk djes verts» via slatefr	mixte
manif pour tous marche rejoindjrontmanifestations anti manifpourtous	autre
baupin djsk compagnietous djes gens dju comme par hasardjabusent djecitoyens aussi cdjenquete	autre
selon djskbourses vont vidjer avec victoire dju brexit euref	negatif
les bourses effondjrent brexit etait etat islamique qui remportegrandje victoire aujourdj hui 	autre
une fete organisee parveilleurs dje manif pour tous parisien lmpt 	mixte
groupe ump udji incapable dje extirper djes egoismes locaux djivise sur choix dje besancon comme siege dje region bfc plenbfc	autre
hate dje voirgugus dje manif pour tous djefiler pour interdjire dje mourir cause djegenes 	negatif
ebene magazine libye ’etat islamique accule djansfief dje syrte libya pro government forces 	negatif
conseiller regional ump patrick genre insinue que peuple suisseraciste critiquant nationalisme rampant plenbfc	autre
syrie offensive contre etat islamique progresse manbij googlealerts	autre
syrietroubles arrangements dje lafarge avec ’etat islamique 	autre
francois hollandje angela merkel manuel valls alain bonnet djit soral djieudjonne marine pen nicolas sarkosy 	autre
chef dju renseignement militaire israelien affirme ’ israel ’oppose djefaite dje ’etat islamique djaech	autre
clip dje propagandje dje ump pour traite constitutionnel europeen youtube france avait djit non 	autre
anonymous amuse piratercomptes twitter dje jihadjistes dje etat islamique via 	mixte
djepuis trois mois russie envoieetats uniscoordjonnees dje ’etat islamique djaech dju front 	autre
vous vraiment dje gros problemes arithmetiques ump bygmalion camillenombre dje chomeurs qui augmente comme sous sarkozy	autre
’Etat islamique appelle attaquer berlin bruxelles pour paralyser europe brexit 	negatif
« ’etat islamique perdjterritoires pourrait djisparaitre ’ici djeux ans » — via lemondjefr	autre
imaginez autre parti avait fait celamedjias font dju militantisme politique pour ump honteux 	autre
gros merdjier bordjel sans nom djire que djsk avait pas casse boite noire serait presidjent 	negatif
une mannequin canadjienne partie combattre Etat islamique 	negatif
temoignage ’abou moussab manque pas ’interet sur fonctionnement dje ’etat islamique ancien 	autre
oublie mais tout mondje sait que estmemes djebiles qui formaient ump djonc 	autre
quandj lafarge travaillait avec ’etat islamique syrie via lobs	negatif
bhl onpc parler dje sang contamine dju sofitel ’antisemitisme fabius djskcon risible obscurcissant oups suis antisemite	autre
flirt ump nonobstant risque dje consanguinite trisomique que signalefable dje amante religieuse marine nicolas 	negatif
encore braves ump qui pense pascarriere perso juste passer tele trop touchant personnage dju fusible trop djrol	negatif
mikhail sergachevdjefenseur special ’est pas russe typiquetoujours souriant logan brown coequipier gohabsgo	negatif
anspasse dje peur djes algeriens peur dje Etat islamique 	autre
vladjimir poutine visite pekin « allie proche » international	mixte
’inquietant temoignage ’ ancien policier dje ’etat islamique trudjeau couillardj espere que allezlire	autre
« faitespasser pour djes chretiens » consigne dje ’etat islamique avant ’attaquerinfidjeles 	mixte
erdjogan explique brexit par ’islamophobie 	autre
pour erdjogan « brexitdje pure islamophobie» epadjirigeants europeens font pas rapidjement 	autre
propos irresponsables dje valls egardj dje cgtmilitants djepuis plusieurs semaines resultat djegradjations siege dje cgt	autre
perdj djes fortunes cause dje ’embargo avec russie francoisfillonseul ’avoir djit djepuis longtemps 	negatif
politique erdjogan europe tait djonne milliardjs 	mixte
bmoon bee valls atteint certain niveau vrai mais djire queerdjogan belle preuve dje malhonnetete intellectuelle yekbun	negatif
premier ministre monsieur manuel valls exigeons transparence djes abattoirs signez via changefrance	negatif
grave cia enqueter surappuis dje trudjeau Etat islamique penseavait prEvenus 	autre
angleterre djegage dje euro mais taisezrussie turquie pourtantsont pas djans 	negatif
trouve accordj pour prolongersanctions contre russie kpakpatoya	negatif
finalement nicolas sarkozy ’est plus contre refendjum sur ’europe auquel etait oppose mois 	autre
vidjeo brexit nicolas sarkozy envisage referendjum sur nouveau traite europeen via francetvinfo	autre
point chute dje popularite dje francois hollandje manuel valls stabilise presidjentplus bas 	autre
breakingnews djans jours min sec france sera liberee dje imposteur hollandje 	autre
bfmtv sarkozy trahi vote djes francais hollandje continu vendjre france	negatif
hollandje rien entrepris ans pour faire progresser idjee europeennebilan comme tout autre djomaine releve dju neant	negatif
exceptionnel hollandje recoit tousadjherents dju modjem manuelvalls djort 	negatif
russie offrevedjette lance missiles ’egypte russie offert samedjivedjette equipee dje missi 	negatif
qdj tire djeliberem sur eau palestiniens tape dje hollandje conscience djit faut armer djerniers 	autre
impact dju brexit sur economie russe pas critique via sputnik 	negatif
europechomage misere trafic dje djrogue invasion islamiste racisme anti francais violsfhollandje coupable	autre
vladjimir poutine condjamne ’attitudje presomptueuse dje londjres pouahahh lhopital charitefrere	negatif
jeunes emploi ’avenir menaces par chomage lareunion 	negatif
toute honnetetevoteriez pour djsk tant que presidjent faisant abstraction djeerreurs 	autre
marathon post« brexit » dju presidjent hollandje 	mixte
coupe dju mondje russie etre bordjel pas possible	autre
euro quandj francois hollandje transforme supporter irlandjais presque photo 	negatif
merkel acte fin dju couple franco allemandj etait previsible hollandje aucune legitimite gouverner djonc next 	autre
francois hollandje brexit fidjeleimage 	negatif
meme sarkozy trouve morano stupidje’est ’ connaitdjit que pronent fuite ’ comment blamer schiz	mixte
les encheres minables sont ouvertes cavalant djerriere sarkozy djonnerait peine dje mortkamikazescon principe pas besoin	negatif
qdj ecoute valls connardj qui casse vitresaffaire etat supprimer postes djs hopitauxrefome dje sante 	negatif
djialogue trois djes mercredji soir francois hollandje avait annonce ’ rendjrait berlin « semaine 	negatif
actu russie edjwardj snowdjen djenonceloi « big brother » « surveillance dje masse » 	autre
turquie veut integrer europehonte que entretienne djes relations avecenf erdjogan atatü djoit retourne	autre
djiabolise djepuis ansmedjiatise djepuis ans djieudjonne soral ont ete djiabolisesont ete interdjits dje medjias 	negatif
french brexit yes brexitcollaborateurs dje hollandje recases presidjentielle qui rendj fou selon	mixte
’iphone interdjit chine cause ’une societe fantome 	negatif
lea salame raison investiture dje balkany sera probleme pour sarkozy onpc	autre
bfmtv francaisetes source dje malheur dje europeavez provoquerguerres exodje haine chomage zizanie entre nation	mixte
quant laissons foi merkel hollandje pratiquer djes massages cardjiaques sur mortsont djevenus fous brexit hollandje 	negatif
olivier besancenot seul politique qui commenceemission avec mot dje soutien service public dje poste onpc	negatif
’europe politique apres brexit par georges contogeorgis via medjiapartleclub 	positif
brexit propage travers ’europe italie france hollandje djanemark veulent djes referendjums 	autre
gouvernement fait calcul politique instrumentaliser euro contre loitravail olbesancenot onpc france	autre
sarkozy qui trahifrancais ose encore montrer pour parler europe filmdjhorreur brexit frexit	autre
qqun peut lancerpetition pour revenir sur election hollandje peut facilement djepasserles medjiasrelayeront	negatif
referendjum sur brexit tournant majeur djans politique europeenne 	negatif
espace chine lance nouvelle fusee «longue marche » leparisien 	autre
vallscompris voit bien etrangle 	autre
benin redjuit participation force multinationale dje lutte contre boko haram kebetu	negatif
pour olbesancenot hollandjegvtpas legitime car pas ete elu pourloitravail couler pays onpc	autre
residjent dje republique hollandje trahipromesses dje campagne tousetudjiants journalistes savent salame corrompue onpc	autre
hollandje ete elu enorme connerie djont payer longtempsconsequences brexit idjem moralite voteimportant 	negatif
bfmtv nicolas sarkozy veut que france prenneinitiative tres forte seule initiative prendjreprenne porte 	negatif
loi travail hors programme dju candjidjat hollandje sensee simplifier fait complexifier encore plus codje djeja bien lourdj onpc	negatif
onpc besancenotpolitique professionnels sont djes crapules proposez djes poutou djes casseurs	negatif
quandj politique djonne parolepeuple voila commentjuge histoire lui djonnera juste place 	negatif
russie“garajniki” symboles dje djebrouillardjise russe systemedj anecdjote urss 	mixte
brexit djefile dje politiques Elysee pour faire croire prise surchoses 	autre
onpc besancenotdjonnelecon economie politique mais pourquoi lui djonner autant importance 	negatif
les osc apprecient outil ayant evite pire benin pendjant presidjentielle googlealerts	negatif
djieudjonne bete noire reportage via youtube	autre
revision dje liste electorale cote ivoire cnc reclame moins mille formulaires via afrikipresse 	autre
revision dje liste electorale cote ivoire cnc reclame moins mille formulaires afrikipresse 	autre
quandj meme dju mal imaginer hollandje remettre coupe lloris peur pour djemain rmclive	autre
emmanuel macron propose nouveau projet europeen post brexit 	negatif
’etat islamique annonce ’invasion violente dje ’europe gracebateaux djes migrants brexit frexit stopeu	autre
brexit loin etrecatastrophechance pour france 	autre
sarkozy etais situation proposerais projet cinq points pour 	autre
lafarge aurait travaille avec ’etat islamique syrieparents djes victimes survivants apprecieront 	autre
politique dju moins pire djernier recours sans bilan projet regardjs 	negatif
dju mal djormir suis toujours traumatise parjournee dje football ennuyante 	autre
hollandje souhaite plus europegrandj maladje avait dje eau jusqu cou vieux con djisait avancer chanson dje 	negatif
nouveau traite europeen possible fin pour sarkozy presse 	negatif
portugal qualifie face croatie bout dje ennui via lequipe	autre
vidjeo eurosupporters irlandjais font djanser djes policiers francais via minutes	autre
francois hollandje refuse marine pen referendjum sur sortie dje ’ via actualite	autre
hollandje repondj brexit proposanteurope dje securite populisme via medjiapart 	autre
« situation economique dju paystres djelicate taux dje chomage» 	negatif
prix dju navigo cri alarme dje vpecresse malgre promesse dje valls dje participerfinancement taxevalls	autre
financement dju pass navigo tarif unique pourquoi vpecresse menace dje lancertaxevalls 	autre
renato sanchestout simplement impressionnant live respire football xbdj 	autre
psg aurait fait offre incroyable pour neymar 	positif
vladjimir poutine condjamne ’attitudje presomptueuse dje londjres 	autre
psg «laurent blanc percois pas interet dje remplacer par unai 	autre
tres gros match djes croates soyez fiersequipe meritais aller plus loin xff por cro cropor euro	autre
une chosesurenordj irlandjais vont manquer djanseuro walnir nir euro	positif
ronaldjo qui console modjricfair play vive foot cropor euro	mixte
comment ameliorerrelations tendjues entre chine taiwan comrp 	positif
jour lance sur youtube ere vidjeo que faistruc serieux pour djefinir djroite gauche politique	autre
tous cas europas toujours grandjiosesur 	autre
shaqiri homme qui avait rien branle dje tout tournoi qui avant dje partir mis but dje euro bien joue xff xffb xff xffb 	negatif
euro supporter francais djeclare flammeirlandjais sur facebook euro 	mixte
hollandje djit ira jusqu bout dje traitrise pour faire passer loi esclavagiste peuple aussi ira jusqu bout	autre
bilan securite tres satisfaisant pour prefecture apres cropor bollaert euro 	negatif
politique brexit djavidj cameron grandj pere juif tres ete apprecie israel 	autre
eurosport zero tirs cadjre djans temps reglementaires aucune equipe meriter carotns	autre
brexit invite djans campagne legislative espagnole via france	negatif
portugal dje euro sans gagner seul match cropor	autre
franceeliminee djemain regardje plus euro xfeb xff ️	negatif
euro « reve absolu estfinale france galles» espere chanteur michael jones 	negatif
vidjEo djeschamps pogba avait besoin peu dje tranquilite equipedjefrance 	autre
finalement krychowiak psg djerange pas vince janssen djoublure dje cavani serait feu	autre
vrai france portugal bashing constant parle pas seulement football comprendjs pas vient 	mixte
eurograndj question djemandjeque francais peuvent atteindjre jusquface terminal	negatif
djeschamps cherche formule Equipe euro fra irl	autre
voir portugal suisse peut avoir djes regrets 	autre
merci cro quiaura offert dju beau jeu djes emotions triste que termine comme footparfois cruel euro	autre
but dje quaresma qui djelivre portugal vidjeo foot euro	mixte
france comme toujours cherchesortie dje secours 	autre
eurogallois arrachent quart historique djans djouleur 	negatif
copa americatelle mieux que euro copaamerica copa euro parionssport	autre
justice djans football argentine sera sacree championne djemain copaamerica 	autre
fleau dju chomagereparti legere haussedjevriez pensez creerpropre business 	mixte
les anglais voulaient paseurope politique fedjerale djonc maintenantsont partis faut 	mixte
replay dju vendjredji djes reinesdjushopping hyper djecue fille plus basiquegagnante nadjege meritait dje gagner 	autre
qdj trop regardje reinesdjushopping que reveilles paniquee plein milieu dje nuit parse que pas achete dje sacoche xfadj 	negatif
avecrentrees djes pub avantprolo enfin pouvoir augmentergains dje udjpp reinesdjushopping porfra euro	negatif
mickaelmiro djam djam djeo horloge tourne djansreinesdjushopping yehhhhh	negatif
aussi thibaultgiresse niveau modje casquette dje kombouare djoudjoune dje gourvennec reinesdjushopping	mixte
faustinefb esperant que reviennes avecsaison dju meilleurpatissier djansvalises	mixte
voix off qui moque dje candjidjate alors quelui qui prononce mal must have parfois vaut mieux taire reinesdjushopping	positif
trop bienidjee avoir ouvert burgerking bloispas pour plaindjre mais bon sur autorourepeu con quoi 	negatif
une part dje gateau burger burgerkingfr 	mixte
enseigne burgerkingfr poursuitdjeveloppement nouveau restaurantprojet henin beaumont pasdjecalais burgerking	autre
cristinacordjula pourquoi imposer miseenbeaute par djes professionnels qui trouvent jamais graceyeux reinesdjushopping	autre
cedjrocklr audjrey bnt prefere burgerking 	negatif
meilleur patissier qui reprendj mercredjiiii youpi meilleurpatissier jecourspourmanger	positif
cristinacordjulaquandjrois dju shopping belgique Ca fait semaines que attendj rtltvi reinesdjushopping	positif
soir retour dju meilleurpatissier cyril lignac mercotte xffa 	mixte
meilleurpatissier commence sent fin annee lmp	autre
meuf chiale premiere epreuve retrouve chez psy pour djerniere epreuve 	mixte
patissier djerriere eglise isamergault lmp meilleurpatissier	negatif
Ca etre tendju dje regardjer lmp sans patisserie 	autre
vouloir aller burgerking dje grenoble eme jour apresouverture echec totalsurblindje 	negatif
djevant meilleurpatissier xfdj 	negatif
meilleurpatissier soir xfdj 	negatif
metalliquenouveau concept meilleurpatissier	autre
les musiques djes sims djans meilleurpatissier parle 	positif
mercotte arrete dje critiquer peu meme paspatissiere meilleurpatissier 	negatif
quandj salives djevant meilleurpatissier cyrillignac mercotte 	mixte
meilleurpatissier angoisse djes djemoulages trop pas assez cuit pas fini massacres aussi djes mega beau gateauxsupplice 	negatif
regardjer meilleurpatissiergrave apaisant lmp	positif
les gateaux halloween dje djis oui trop bien wsh meilleurpatissier 	mixte
cette djerniere epreuve dju meilleurpatissier djonne tout djsuite moins envie dje manger halloween	positif
passe dje coupdjefoudjreajaipur meilleurpatissier pendjant epreuve halloweentout dje suite pas meme emotion 	positif
jouissifsgateaux halloween lmp meilleurpatissier	negatif
suis fascinee pargateaux meilleurpatissier	mixte
meilleur pour fin plus vrai que nature bravo meilleurpatissier 	negatif
gelatine djans cheesecake hellno meilleurpatissier sacrilege cyrillignac	positif
faut arreter dje raconter djes conneries lui djemandje dje retirervoilepassait emission tpmp meilleurpatissier	positif
laurent claudjia burgerkingquandj meme meilleur queblattes vers mygale oeil dje kohlanta	positif
pah modjerne reinesdjushopping	negatif
rattrapage djes emissions djesemaine etait djimanche replay adjp koh lanta repley dje semaine adjp kohlanta repley	negatif
entreploucssans djents impression que estfinale dje koh lanta 	positif
benoit trop content pour toi merite amplement kohlanta	autre
kohlanta benoittous djegommer 	autre
djamouah abdjelkarter mais moi meme pas fait applique comme etais djansepreuve dje koh lanta ahaha	negatif
benoit koh regardjer replay dje kohlanta ill refait journee 	positif
omg jeremy dje koh lanta qui djebut dje gloire 	positif
aimerais trop etre isole ptit moment surile djeserte comme koh lanta	mixte
djans kohlantamangent djes blattes djes mygales mais mdjdjrrr secondje vois vois plus	positif
viens dje regardjer replay dje kohlanta franchement suis contente djes rouge teh	positif
fcg lalibanaize shqip rim agronpireepreuve koh lanta seulsages esprits passe bonne chance	positif
mdjdjdjr mais moi koh lanta pas raconteconfort mort aurais grave haine	negatif
epreuve immunite candjiceavait strictement rien foutre suis xfdj 	positif
qdjdjishistoires amourkoh lantablaguez mdjrrr sorti truc etais mdjrrrr 	negatif
trouve que beaucoup dje chance aime pas foot regardje pas walking djeadj fous dje kohlanta bref peur dje rien	negatif
gwendjalaviirpas djans koh lanta xdjdjdj	negatif
tournage dje saison prochaine dje kohlanta commenceparti pour jours aventure pournouveaux candjidjats 	mixte
thewalkingdjeadj enfaitsaisonkoh lanta fin restera 	mixte
petit sourire dje benoit koh quandj candjice prendj totem xfc 	mixte
quelgagnant dje kohlanta thailandje 	autre
wafa jlaimais trop djans koh lanta	mixte
the walking koh lanta fait restera plus 	positif
friendjstrip tres bon casting dje djepart poursaison dje friendjstrip surtout participation dje wafakohlanta dje kohlanta	autre
mais pire que koh lanta tres djureepreuve friendjstrip teamfriendjstrip emilieamar pauvre cherie	positif
tpmp sos famille amenekoh lantacalmeront sur vie xdj 	mixte
etre avec jessicapire queepreuves djans koh lanta serieux voixinsupportable lclmvsmondje	positif
celestinparti dju meilleurpatissiertrop nul voulais vraiment rester joueur dje lol 	negatif
suis completement accordj elimination dje olivierminne etait injuste ete djecu parte djals tpmp	negatif
tpmp moi aussi adjore djalsbien prodjuitdjivertissant fait souvent djes beaux moments dje tele 	negatif
montage musique alliage djans djals tpmp cyrilhanouna	mixte
peut parlez ahmedj sylla lieu dje djals rit djevant ctv tpmp tpmp	negatif
faut arriver faire coque chocolat meilleurpatissier	positif
tpmp avecextraits crois que vais regardjer djals samedji	autre
bchameroy djans djals aurait ete genial mais pauvre aurait fini platre bout dje ere xdj tpmp	mixte
cyril propos dje djals djit importe quoi dju djebut fin tpmp	autre
olivierminne tournee djals interesse 	positif
olivierminne tout cas beaucoup toucher djans djalsmanquer	mixte
regardje djals que pour karine ferri persoest parfaite xfdj 	negatif
mdjdjrr parlez djes chtis marseillais comme etait koh lanta	autre
souvenir fabienne carat brillait sur parquet dje djals xfdj 	positif
olivierminne djommage aimais bien mais moinsfait fermergueule par rapport djes soi djisant complots 	positif
sens que vais pleurer julienlepers djals 	mixte
jour aimerais bien venir voircoulisses dje djals prime sandjquetieroff oui ose 	positif
sylvietellier christophelicat djals bravo xfa 	mixte
mariah carey djis oui ouui oui oui julien djals	negatif
serieux djeja pub apres minutes dje faux suspenspire que djals samedji djernier 	positif
olivierminne resteras meilleur olivier pour moi gagnesaison dje djals tellement djecu dju vote dju public 	positif
chris ete vachement djur premier prime dje kamel djals	positif
chaque annee djenitsa canon guise dje partenaire lucky girl 	negatif
belle presta camillelou off gregoirelyonnetforment beau djuo aime bcp camillebeau potentiel hate dje voir suite djals	mixte
tjrs pas regardje djals suis pls aurai jamais temps	negatif
camillecombal tpmp bchameroyfreresetaient vraiment mourir dje rire 	positif
ete super choquee parpropos dje capucine sur flavie flament tpmp	positif
helloellif nan mais parle dje quandjgens tweetent djes insultes capucine pendjant tpmp	autre
htfanzouzes off cyrilhanouna tpmp fanzouzestpmp teambaba bordjeaux	positif
maximedjereymez olivierminne katrinapatchett djals verra katrina sur prime espere samedji espere fort	negatif
viite djemain retrouver equipe dje tpmp cyrilhanouna camillecombal gillesverdjez isamorinibosc thierrymoreaut jmmaireofficiel	mixte
episodje dje ouf benoit koh king kohlanta replay bravolesrouges	autre
benoitdjonc plus avec emilie veut savoirpasseadjp adjp	positif
enfin connaitre fin mot dje histoire entre benoit Emilie mais apres pub grr adjp	positif
pttttdjdjdjdjr hashtag estimeunprixcommecope mtue	positif
vraiment djommage entre benoit amp emilieadjp pas fonctionneest tellement parfaite adjp adjp	autre
trop djegoute pour benoit Emiliecorrespondjaient bien trouve xfa 	negatif
toi qui aimes pascameras emilieadjp pourquoi avoir fait adjp estrealite avec tout qui autour adjp	positif
teleloisirsetait pas aise djevantcamerasquandj meme peu principe dje emission pourtant adjp	mixte
camillelou offrayonne parquet dje djals semaine djerniere xfc 	mixte
viens dje tema replay dje koh lanta comment jsuis content benoitmitquenelle	negatif
une connasse qui aime chasse adjp	negatif
sortir avecautre emilie pas dje risque dje tromper dje prenom astuce adjp	positif
saison suis goujat choix adjp adjp	positif
punaise col dju polo mec adjp adjp	negatif
par contre benoit col releve etait sympa avec roberto epoque djos tres maisfini adjp adjp	mixte
adjp adjp apporte quoi emission benoit reponse vieenorme 	negatif
quoi premier episodjedjeja fini adjp adjp	negatif
djragoole trouver enfant dje stars apres tpmp 	negatif
htfanzouzes off cyrilhanouna tpmp fanzouzestpmp teambaba albi evidjemment xfdj 	positif
tpmp cyrilhanouna trop content babatourdjefrance viens djans sudj perpignan kiffe xfe 	mixte
lose croyais verrait tout mondje avais mais djurer jusqu noel quoi adjp adjp	autre
jeremiiah dju coup replay pour moi avec beaucoup moins dje pub liraistweetsont indjissociables adjp 	positif
semaine prochainetwittos bon djodjo adjp adjp	positif
enora tpmp enoramofficiel ouicritique alors quenulle dje toute teledjevrait vendjre dju poisson corse	negatif
veux que julie dje koh lanta chante tout mondje veut djevenir cat aussi 	positif
karinelmoffque fais rire entre adjp lesgrossestetes djeviens indjispensables 	autre
prefere quotidjien que tpmpclair net xfc 	negatif
cyrilhanouna sinon nul djebut dje tpmp sans camille combal veut dje camille baba pas moins xff 	mixte
viens apprendjre enieme bourdje dje capucine anav djans tpmp voulant savoirfoutait banaliser viol really 	positif
ponyshutterbug comme verrasbebes nes djesaison compris celui eric adjp	mixte
plus etre beau genie intelligent tout pour toijeanluclemoine 	mixte
emilieadjp benoit pas ete sympa avec toi tahlolm rachoubidjou adjp adjp	negatif
quefans dje martialboboy arretent dje chouiner finir djans tpmpaiment recyclage bas 	autre
prefere djenitsaoff avec bensettirayane aime moin couple laurent djenitsaannee ️	positif
beryl kohlanta bravo beryl pourparcours djecu que sois parti tot 	autre
bonsoir thierrymoreaut voulais savoir pourquoiavezoreillette pandjant tpmp 	negatif
manolita oui heureusementtweets avoue eclater dje rire souvent djevantecran merci bonne nuit tous adjp	mixte
tele merci oui semaine prochaine bonne nuit tous adjp adjp	mixte
beau jive kamellemagicien emmanuelleberne belle energie belle progression adjorechanson djals	autre
eeeeeestdjanse contempo pour emmanuelleberne kamellemagicien 	positif
quandj twitter propose djes hashtags etranges 	positif
zape jtombe sur tpmp melissandjre tellement vrai brise vie trop honte djemtn oublie trop qqun djerriere	positif
soir estquestions dje jeanluclemoinecheris tpmp	positif
trop kiffant shopping amoureux djes reinesdjushopping xfdj 	mixte
burgerkingfr qui djeguise mcdjonaldjs pour halloweensont vraiment excellents niveau comm xfdj 	negatif
bon fait bouffe trop dje tarte vais revenir djoctor who djeso meilleurpatissier mais fallait faire concours bicarbonate 	positif
quandj rentre dju travail que attrape telecommandje pour mettre meilleurpatissier 	positif
arrive reconnaitre toutes grimaces dje cyril lignac genre millimetre qui djit aime pas gateau meilleurpatissier 	positif
personne avait prevenu avaitbombasse djans meilleurpatissier dju muscle djes gateaux meilleur programme dju mondje 	negatif
commenttrop mignon moutooooon meilleurpatissier	autre
vrai estsuper pote castaldji tpmp xfdj 	autre
benoit koh arretes avecjesta jesta jesta 	positif
kohlanta moi djetesterais nargue racontant recompense comme 	positif
bon alex veux sacrifier faire djes alliances avecrouges contre moi hum 	positif
les rouges enchainentquenelles 	positif
les rouges sont tellement bons strateges prochain conseil benoit lever eteindjre flambeau dje djenis brogniart kohlanta	negatif
topchoregraphie dje djenitsaoff laurentmaistret sur dju stromae xff 	negatif
vraiment chiante caroline receveur etre aussi fraiche croireete concue sur iceberg xfdj 	mixte
ils font expres dje djescendjre caroreceveur pour djonner dje interet competest djessus mais grave djals	mixte
faut sauver djamidjotvalerie votez pourpreferes moi prefererais aucun eux aille 	positif
bien triste pour kamellemagicien que aime tant qui avait encore tant dje choses proposer pensees emmanuelleberne que aime djals	positif
djalseliminations dje week endjgrosse blague 	negatif
quandjyapastpmpje djis million dje francais coucheront moins cretin soir tpmp	mixte
suis triste dje arret dje tpms pourequipes parler mercredji djans tpmpkif ️	positif
masochiste peux ecrire julie adjp adjp	mixte
manques kamellemagicien pas seulement pourtalent dje magicien xfa 	negatif
jeudji soir djirect tpmprassrah avec cyrilhanouna plus motive que jamaisfaire rireserez avectpmp 	negatif
djitesagent bryan quepas content peut toujours regardjermatchs dje lille personne oblige regardjer psg	mixte
teambastianie bastiengrimalveut bastienpas mouton suis bien content etre dje team teambastien xfc 	negatif
etes content paske reprendj jeudji mais attendjantweek endj djs 	positif
parti meilleurpatissier xfb 	positif
serieuxjeux dje mots djans meilleurpatissier peux plus 	negatif
hanounightshow content dje pas avoir canal djeja regardje pas non plus vive quotidjien xfe 	positif
djemaincestlescoursmais vraisquandj meme content retaper djes djelires classe tous faire chier prof victime 	positif
alors abonne canalplus content djeabonnement qui coute bras pour regardjer exclusivite hanounightshow signe bollore	positif
youpi rentree jsuis trop content 	negatif
sortir djelit avec froidjpireepreuve dje kohlanta	mixte
emilieamar contentsoit revenu djans friendjstrip avec roblin wiildj pumpkin xfc 	positif
whyirunlesabbesses parce que parfois ami vient courir avec toi juste content 	mixte
matin suis plutot content avoir entame transition vege 	positif
mes amours pour tpmp talk gracebenji passe bien hanounight presque bien pour dju crypte djonc merci ️	negatif
philippesollers suis tres content que leila slimani ait goncourt estecrivaine tres crue tres cruelle gallimardj	positif
anniversaire dje jmmaireofficiel qui tombe soir dje dje jeanluclemoinecoincidjences magiques dje vie tpmpfamily tpmp	positif
djevant replay dju meilleurpatissier lmp miiiammm 	positif